AREANM,AREACD,yr1,yr2,yr3,yr4,yr5,yr6,yr7,yr8,yr9,yr10,yr11
Hartlepool,E06000001,-0.3324,-1.9296,6.98496,16.10604,32.98128,24.25356,19.55916,7.4118,7.90848,-0.19572,-2.97792
Middlesbrough,E06000002,11.46912,17.84832,11.19972,5.595,5.628,5.79444,7.7688,2.05176,-2.59956,-4.51716,-5.93688
Redcar and Cleveland,E06000003,8.4222,6.32724,6.3744,12.51576,11.09964,13.00548,6.88524,6.05208,2.3604,-0.8772,-2.47248
Stockton-on-Tees,E06000004,5.16012,8.96532,9.03252,8.64036,8.33952,11.16852,15.16296,9.3918,6.52392,-4.62924,-9.04728
Darlington,E06000005,5.45196,6.46356,5.24184,9.13224,12.56268,19.74492,20.62068,11.18976,0.5376,-7.1382,-3.18252
Halton,E06000006,2.49588,6.59028,8.63628,12.21564,14.1402,17.71548,11.66424,4.87152,0.44412,1.05156,3.5514
Warrington,E06000007,11.47704,3.18396,-1.75968,1.11156,8.8152,16.09944,10.35912,3.37704,-1.37928,-1.76016,1.86768
Blackburn with Darwen,E06000008,19.4376,13.17336,13.17864,3.25848,5.86488,8.84964,14.7048,15.62568,8.84904,-0.01644,-7.24632
Blackpool,E06000009,4.72392,8.26368,0.45516,8.27772,4.57524,11.85348,4.99236,7.43868,0.88896,-5.52684,-7.62288
"Kingston upon Hull, City of",E06000010,-5.47056,-0.69516,5.2818,10.8294,12.80016,10.06224,6.25908,6.30444,2.78196,-1.94496,-6.0222
East Riding of Yorkshire,E06000011,7.19376,8.75088,12.75456,7.02384,9.45312,7.42884,6.94284,3.43212,4.27452,5.24616,6.70272
North East Lincolnshire,E06000012,3.97344,2.41596,-0.7632,4.53384,10.33476,10.96008,7.73316,0.95688,5.12808,5.39604,11.15388
North Lincolnshire,E06000013,1.39212,-1.1766,-1.70364,4.30572,9.91464,13.60572,16.29192,7.30668,7.90332,-1.00212,2.4318
York,E06000014,13.965,13.63308,3.9594,-0.92004,-5.50428,-0.12672,1.73484,7.88976,5.56836,4.665,1.22988
Derby ,E06000015,15.76284,12.17028,-1.00704,-5.03244,-2.06436,11.4486,16.65684,12.05364,4.29588,1.41156,3.03108
Leicester,E06000016,7.20624,12.21792,10.27212,7.06884,3.579,10.89792,16.52592,15.2358,7.02816,-0.58152,-0.7302
Rutland ,E06000017,4.53648,6.95676,8.3628,-2.22012,-17.52288,-8.10144,11.37912,29.82912,23.24904,6.07236,-1.52544
Nottingham,E06000018,15.9582,14.64996,10.38528,7.16472,7.338,14.46792,10.26888,8.44392,0.2088,1.11492,-4.7448
"Herefordshire, County of",E06000019,2.03496,3.49848,9.16044,3.04704,3.45792,3.48096,8.46072,9.04188,9.29568,4.22124,-1.89264
Telford and Wrekin,E06000020,10.2456,11.5506,4.53144,12.8838,7.0746,10.90368,-1.05408,-2.03088,-1.203,5.08056,10.44684
Stoke-on-Trent,E06000021,6.88032,13.56288,5.73876,2.39688,1.38456,9.29076,8.93712,6.71472,6.46452,7.07964,8.46408
Bath and North East Somerset,E06000022,-1.27836,3.1794,6.80904,7.58628,8.99664,8.84952,8.78448,6.77508,6.44628,1.19112,2.10024
"Bristol, City of",E06000023,8.08884,9.22704,9.29196,8.32776,8.9736,10.2948,11.74212,6.69816,4.26792,-1.10916,1.26816
North Somerset,E06000024,13.6986,7.90116,8.79648,8.487,8.7858,5.52324,0.19404,0.05928,4.09536,0.83892,1.6812
South Gloucestershire,E06000025,18.36396,14.33004,7.44708,1.38156,6.66564,11.8668,9.8706,4.05252,2.71356,2.78004,7.8144
Plymouth,E06000026,13.49604,12.7128,10.8636,2.139,0.30828,2.91624,4.29504,7.84332,5.41188,8.622,3.5106
Torbay,E06000027,20.24652,6.30744,5.91732,-11.60712,-0.07428,-1.4796,7.75908,7.23912,11.39076,10.65372,-1.64724
Bournemouth,E06000028,5.16384,1.67292,3.29568,8.36244,6.43728,11.24028,4.2624,3.89856,0.30576,-0.29892,-0.11616
Poole,E06000029,9.9006,12.6792,6.52176,5.28072,1.75464,10.29528,7.42908,6.32772,1.24848,-3.53196,-3.6606
Swindon,E06000030,13.37676,12.3738,13.20432,13.16112,13.8606,7.40052,3.42372,1.06152,4.49472,3.30036,4.44288
Peterborough,E06000031,13.1466,4.71396,9.3564,10.11252,16.09524,15.10596,8.57028,4.44948,-1.15344,0.84588,-2.27808
Luton,E06000032,9.4938,7.6086,6.85044,7.75236,8.18064,15.0918,15.20496,14.09076,4.5678,3.27324,-1.13112
Southend-on-Sea,E06000033,8.13744,11.61612,10.69452,16.02888,6.05364,6.92136,2.45292,9.68808,9.28008,6.6036,0.6462
Thurrock,E06000034,7.01436,6.39,4.11948,2.47092,7.35192,9.26508,10.27512,9.56712,5.48088,4.34568,-3.22788
Medway,E06000035,9.47256,9.76116,9.27252,8.69784,7.95864,9.25656,7.044,9.32496,2.3814,-1.33332,-2.97732
Bracknell Forest,E06000036,12.04836,11.19816,8.92056,7.94628,10.16028,9.4122,8.25168,6.13104,15.32292,16.06092,11.18256
West Berkshire,E06000037,8.81256,7.5006,6.8784,9.28428,14.17656,14.43252,11.35356,1.43592,1.09776,-0.30564,6.1764
Reading,E06000038,7.02996,6.58056,8.36592,7.88124,9.0702,11.86308,5.73384,6.56352,1.39392,6.59844,3.02904
Slough,E06000039,15.10416,20.34036,20.12292,6.86352,0.0948,2.6982,7.24248,4.20504,3.83304,3.15252,3.98988
Windsor and Maidenhead,E06000040,11.4762,6.6396,3.86556,5.86704,10.05096,14.06388,14.36136,12.02664,7.55352,3.88212,-0.59952
Wokingham,E06000041,9.75348,9.98988,5.91396,7.69044,6.82368,7.85136,5.83944,6.93648,4.81824,4.86144,5.63112
Milton Keynes,E06000042,9.54504,12.48048,15.50364,12.30876,7.93692,10.1262,6.46716,6.79548,2.1024,5.18652,4.82124
Brighton and Hove,E06000043,9.30936,4.69344,10.93008,6.16536,13.83072,5.08392,9.69912,4.58172,11.21304,7.26156,4.39884
Portsmouth,E06000044,18.69828,14.69832,9.95796,7.62084,10.84728,11.697,5.95632,-4.40304,-5.21928,-3.25284,1.79184
Southampton,E06000045,10.17948,10.09332,8.31912,5.10768,5.85888,12.42816,9.04368,6.38652,2.86224,3.43188,2.4108
Isle of Wight,E06000046,15.09612,12.67104,0.06984,-2.11356,3.17508,12.537,8.87004,3.11124,-0.39648,4.34472,7.23756
County Durham,E06000047,8.2026,10.22604,11.43816,9.20148,8.93424,10.98264,10.14168,4.57908,0.31968,-2.77836,-0.11052
Cheshire East,E06000049,7.07616,13.18968,11.77176,9.64908,5.42244,7.46928,7.81848,8.69604,7.19316,5.31204,2.75088
Cheshire West and Chester,E06000050,9.56136,7.12692,6.7668,4.70076,7.03944,8.43696,9.40668,11.37852,8.39064,5.98956,-4.24428
Shropshire,E06000051,17.29884,15.3492,8.90364,-1.54212,2.43984,7.47768,13.7394,10.70556,9.56004,2.00952,-0.25416
Cornwall,E06000052,10.19928,11.43444,8.53884,2.59716,3.53604,7.24296,11.07756,8.52312,3.80832,0.24036,-0.55944
Wiltshire,E06000054,11.29968,10.10424,8.43156,5.62656,5.68956,6.29448,6.84672,4.0398,4.85004,2.96856,3.42432
Bedford,E06000055,7.78416,6.03528,8.304,6.9546,6.49356,9.0114,8.63196,11.78568,12.70272,7.11732,0.91392
Central Bedfordshire,E06000056,5.79336,4.038,7.53864,5.05212,9.87672,12.98172,17.91396,11.64816,3.777,-1.08612,3.36576
Northumberland,E06000057,5.56308,5.10672,5.2278,5.22564,9.26004,10.66512,10.26096,5.3466,2.49924,2.57844,2.37492
Aylesbury Vale,E07000004,3.12768,4.74624,5.56776,7.39164,10.008,16.89516,17.85096,15.55812,5.64264,2.39256,0.81132
Chiltern,E07000005,4.6032,17.67408,21.58452,18.0954,5.0052,0.72792,4.82628,13.56528,16.46928,4.971,1.24044
South Bucks,E07000006,11.42568,13.67016,22.53168,21.12564,9.954,3.71556,1.04016,14.23764,12.09264,10.76076,-5.38116
Wycombe,E07000007,17.35896,15.42888,14.05692,9.48336,11.1846,8.31192,0.177,2.29872,3.84048,10.20444,6.24444
Cambridge,E07000008,7.12296,11.18484,11.00148,10.54416,7.69824,14.7366,14.9124,11.76216,-0.08904,-4.2894,-3.01356
East Cambridgeshire,E07000009,14.9688,17.3406,5.52576,-6.04872,1.96236,10.7976,20.62056,17.6886,10.4514,-2.2614,-7.73472
Fenland,E07000010,3.25884,-0.7644,5.727,15.71652,16.3776,16.6344,8.715,5.0148,-0.87036,-0.5238,-4.11408
Huntingdonshire,E07000011,6.84936,9.09672,11.07,14.36328,13.194,19.55988,10.1784,7.68276,0.07548,6.01524,7.1784
South Cambridgeshire,E07000012,13.24296,11.80788,5.50128,1.34256,5.49504,10.00836,14.53236,9.59928,1.59336,-2.66712,-3.85644
Allerdale,E07000026,7.2024,6.07416,0.95808,7.23204,13.15476,14.3976,7.8936,-2.24232,3.86208,4.67952,7.71444
Barrow-in-Furness,E07000027,3.13752,6.37164,1.43052,0.80712,2.08116,9.13752,12.27372,11.61936,6.26844,-1.91292,-8.67048
Carlisle,E07000028,10.97052,2.74248,4.6026,3.3108,5.2302,6.48384,7.00584,5.628,7.93692,11.17464,13.46796
Copeland,E07000029,10.95648,13.33128,-7.0062,-1.4634,0.92592,16.38552,11.44656,6.33144,6.70824,0.2322,7.48008
Eden,E07000030,22.11816,16.04724,4.8138,-0.59664,8.39292,13.96584,9.80124,8.04624,8.90964,15.17376,6.19236
South Lakeland,E07000031,11.77512,10.88124,-0.26964,-0.40812,1.33032,5.23344,6.28524,9.12384,16.40148,16.9512,9.69684
Amber Valley,E07000032,7.68732,19.89036,10.50948,8.56464,-0.94176,10.61736,14.54388,18.88296,5.4564,-6.7278,-13.34424
Bolsover,E07000033,12.42096,21.50244,13.563,7.7484,1.54632,18.34152,15.33516,17.24652,-3.13092,-6.1944,-9.80388
Chesterfield,E07000034,7.56984,6.8154,18.54648,23.2092,15.95976,3.6984,-6.63828,-4.48812,-1.54704,1.03896,3.13308
Derbyshire Dales,E07000035,12.37116,9.00312,9.96876,14.24892,14.83536,15.3456,7.45392,2.53536,5.43144,0.0528,-2.69388
Erewash,E07000036,7.22544,8.70036,3.89388,9.58068,15.67032,16.61664,18.13212,9.83556,2.67516,-6.68412,-3.57852
High Peak,E07000037,-6.26232,12.34248,12.98112,17.7912,13.96812,18.31752,19.44912,10.5186,4.57824,-2.379,-0.41988
North East Derbyshire,E07000038,6.45852,5.5812,15.00528,16.43292,19.5312,18.39072,10.17216,10.68096,4.04184,2.75124,-5.92452
South Derbyshire,E07000039,16.45752,16.31784,9.90672,0.30924,2.90736,15.20436,19.05432,5.84772,-0.35976,-6.75768,4.31592
East Devon,E07000040,6.58176,8.02416,5.34744,7.81068,8.90472,8.72484,5.24412,0.94332,-4.57764,-1.57896,-2.52348
Exeter,E07000041,15.30108,8.4132,7.55676,3.26064,2.87076,1.35132,0.3588,7.87656,13.18128,16.70916,3.84132
Mid Devon,E07000042,3.82284,6.39348,5.23008,10.67292,4.94496,12.79908,11.84136,20.484,12.18312,7.59888,-7.28832
North Devon,E07000043,7.51512,6.27468,11.79264,12.14952,8.93772,5.17332,-1.32204,-4.15584,-0.74976,1.371,-1.54248
South Hams,E07000044,7.52472,3.92004,7.8474,3.36396,6.23796,2.38128,11.14716,15.16032,14.60592,7.95324,-4.8432
Teignbridge,E07000045,6.45708,11.70912,5.00604,-1.05324,-6.57468,6.33444,8.98968,12.09588,5.04828,10.995,8.35056
Torridge,E07000046,19.14192,15.45756,13.8462,-1.18656,-0.2622,4.85472,3.7842,-8.5734,-1.64208,4.36296,11.29692
West Devon,E07000047,-1.02372,19.3812,16.01964,17.65044,-8.69484,-4.20036,2.95608,17.58048,13.64412,2.72988,-12.1056
Christchurch,E07000048,7.07568,12.3984,14.42376,6.58812,3.64992,3.50208,3.82224,11.2158,7.11936,1.00356,-3.65736
East Dorset,E07000049,14.33172,10.52664,7.9002,2.50404,5.59584,13.89492,16.29312,6.77916,-1.50036,-6.021,-0.12708
North Dorset,E07000050,14.18748,12.44892,8.3754,6.462,8.961,12.00636,9.65628,9.11256,3.12972,0.11412,-5.85876
Purbeck,E07000051,8.4948,11.23476,1.33848,4.12608,13.34496,19.87824,27.22728,0.99708,-6.91272,-28.41504,-6.05352
West Dorset,E07000052,13.6152,14.70168,13.68564,11.75184,12.4776,11.34732,9.6504,3.95076,1.3992,-5.02788,-3.8412
Weymouth and Portland,E07000053,5.45784,0.60708,2.73192,-2.73816,11.53284,10.6116,15.06024,3.35328,4.26252,4.71732,3.6174
Eastbourne,E07000061,-4.12296,1.9782,11.19888,18.10908,13.82016,8.80368,2.77224,0.14256,-1.9464,-3.11184,1.98852
Hastings,E07000062,7.82652,6.47112,4.18368,5.83956,4.43268,5.65728,5.67468,10.84344,8.92764,11.91492,3.567
Lewes,E07000063,8.23332,9.62352,9.57348,8.15988,7.64196,12.78732,7.53156,8.24256,8.89932,9.67224,4.6842
Rother,E07000064,15.25296,17.76324,11.253,8.8368,9.05364,4.20048,6.55956,3.78012,9.03372,-0.35304,0.65712
Wealden,E07000065,5.82852,10.88724,6.48264,7.7952,1.4004,9.70608,2.10936,10.05732,7.37748,6.99396,0.04752
Basildon,E07000066,7.69596,13.79916,8.0298,12.375,9.906,15.71352,7.41732,7.54368,1.55868,3.41484,-4.79316
Braintree,E07000067,19.5462,10.9578,10.04724,4.88616,2.27028,4.21716,1.96248,6.53124,4.5318,1.35252,-3.52008
Brentwood,E07000068,14.57064,17.00988,10.51932,3.44112,4.89432,9.36192,10.7184,1.33212,-3.39384,-4.7568,5.47848
Castle Point,E07000069,11.22564,10.95372,6.17688,6.15,10.67652,17.31372,1.70376,-5.88024,-12.09816,2.30604,3.77568
Chelmsford,E07000070,5.26524,10.52052,10.35384,7.35576,2.90388,3.22476,2.0922,7.5234,8.39484,6.48924,1.056
Colchester,E07000071,4.43532,8.63604,9.37656,7.15644,3.05904,2.88132,5.18412,5.85144,3.39684,-0.48036,-4.5552
Epping Forest,E07000072,8.2572,8.88816,5.62644,3.96492,7.45284,16.25052,14.24964,12.24996,3.14496,2.06676,-0.56196
Harlow,E07000073,14.3124,-4.398,5.439,-0.96192,2.38584,-8.32932,-4.31376,3.64692,12.23568,14.8146,5.40864
Maldon,E07000074,5.44416,10.78704,13.62144,16.89156,9.2682,8.5878,1.66752,3.49728,6.15732,1.60764,-1.7748
Rochford,E07000075,22.9866,17.31156,14.48664,-4.88724,-8.5818,-6.06468,7.97784,16.29036,10.07748,6.26568,2.69964
Tendring,E07000076,9.45768,3.05592,0.30012,3.88932,8.44668,10.0134,-0.29628,-1.02696,-3.18564,0.44328,-2.07744
Uttlesford,E07000077,18.5436,14.75052,22.43544,9.42648,16.96584,12.34068,14.154,8.4306,2.90676,-2.48112,-14.12088
Cheltenham,E07000078,16.31172,8.934,9.7338,8.36196,13.87452,12.8388,8.08668,0.93156,-2.06172,-8.76192,-5.61288
Cotswold,E07000079,-1.35612,-0.7272,5.49156,4.49412,9.2568,15.18852,22.94148,13.87116,5.71248,-6.29388,-2.54676
Forest of Dean,E07000080,8.68836,11.4018,-10.82088,1.32492,6.52464,27.51672,17.17704,7.84752,3.5328,0.59736,0.99336
Gloucester,E07000081,6.17664,12.29928,10.4976,7.03944,4.62348,12.64524,13.32264,11.50512,-3.4356,-12.79704,-10.41012
Stroud,E07000082,10.22196,7.92756,1.58232,7.36716,5.80896,16.41132,6.12648,1.36332,-10.41288,-4.26912,3.1998
Tewkesbury,E07000083,14.9514,9.504,13.22868,2.5986,5.92788,0.28896,9.0378,4.72704,5.05032,9.65232,9.87528
Basingstoke and Deane,E07000084,10.99044,9.72168,3.60012,3.58284,-0.74904,5.99616,2.44932,9.1986,6.31656,4.7394,1.30128
East Hampshire,E07000085,8.28984,6.0702,7.437,9.75216,13.24344,17.27316,13.80444,5.86284,1.15776,2.66868,4.5234
Eastleigh,E07000086,10.62984,17.25456,13.53456,12.0786,7.2276,16.05744,14.99292,13.04964,0.71832,-3.56256,-1.21584
Fareham,E07000087,12.60684,10.72248,8.41584,5.87316,-1.34352,-4.60068,-0.83928,3.1818,5.32308,2.86884,1.66872
Gosport,E07000088,5.09172,4.329,2.86668,-3.29304,5.8686,5.72664,14.10552,7.76328,10.90884,6.71328,10.36524
Hart,E07000089,5.23836,13.7808,20.80332,15.55092,14.61348,5.7078,2.0292,1.04256,9.55836,15.91548,6.9318
Havant,E07000090,8.5464,10.29024,8.51436,5.62272,5.14824,1.81824,5.97684,0.38196,7.10568,2.463,5.28516
New Forest,E07000091,11.6466,7.1568,8.7552,5.24148,11.94936,7.88856,7.092,-1.3224,0.5388,-0.20772,6.97428
Rushmoor,E07000092,22.6752,20.14488,3.8028,2.81556,5.58048,16.47228,7.40088,5.4444,2.91432,5.1798,6.59784
Test Valley,E07000093,6.8682,9.78672,12.50016,14.6898,13.01256,13.32372,8.877,4.82664,-2.60484,-1.99608,2.0016
Winchester,E07000094,4.27176,12.69888,5.73672,1.8762,10.16052,21.60264,29.51472,12.96876,2.29176,-8.78976,-4.95036
Broxbourne,E07000095,1.54632,5.31552,6.92436,14.442,18.10812,21.27396,5.5638,0.522,-2.1894,9.12792,12.54396
Dacorum,E07000096,8.82084,11.54952,13.73712,10.04808,3.85536,14.33064,15.276,14.37444,4.5426,0.8838,5.41344
Hertsmere,E07000098,13.08492,8.02704,9.93024,7.644,14.74176,9.09672,9.45324,0.52248,5.55444,12.35508,9.11352
North Hertfordshire,E07000099,17.65908,15.11736,1.76556,-1.43892,-9.12588,4.73688,5.85828,15.01404,6.05748,3.95712,0.46704
Three Rivers,E07000102,7.37196,2.56968,13.73076,14.19024,19.56636,12.66252,4.95756,5.42616,1.17912,2.6748,-4.82532
Watford,E07000103,8.21628,3.09996,7.0746,10.05924,5.41992,11.8638,5.99316,14.65176,1.62828,9.05532,0.97464
Ashford,E07000105,7.15428,6.72792,10.43952,14.60244,17.1978,14.9592,10.96188,10.05288,-0.00312,-2.58252,-6.09252
Canterbury,E07000106,0.00432,2.63004,8.41224,9.3294,8.7066,10.76904,10.96188,11.82924,5.16276,3.25116,-3.23964
Dartford,E07000107,15.14412,15.72,10.00608,-2.7318,-6.21444,-0.25788,6.94668,7.61928,10.5252,7.82976,5.83476
Dover,E07000108,12.99408,2.80728,1.14732,7.635,8.96652,9.0978,-0.52236,6.22248,4.09596,3.93672,-4.38492
Gravesham,E07000109,5.97444,8.56908,7.29,7.7784,9.50568,10.25388,13.179,7.58328,3.6792,-0.48456,6.01116
Maidstone,E07000110,7.13904,5.84196,2.96292,3.46872,4.32324,10.12584,10.8708,11.34888,2.75976,0.38316,-0.198
Sevenoaks,E07000111,9.51168,5.32884,1.1886,-7.06896,-0.66528,9.77016,13.37964,12.95652,6.1716,4.81848,6.30012
Shepway,E07000112,11.8608,5.40036,15.85968,22.3116,20.75832,9.78372,2.71104,0.37128,-1.10832,-2.6364,-2.85264
Swale,E07000113,13.89732,5.3202,3.83136,1.37124,5.89764,11.89716,18.024,20.15952,12.92892,2.86824,-6.12
Thanet,E07000114,3.8586,8.2506,16.36968,12.24216,10.75128,6.18804,9.1674,9.29724,6.17208,1.5132,-5.3784
Tonbridge and Malling,E07000115,4.7406,10.84464,17.07624,13.90812,2.6964,0.67608,1.6236,12.1542,15.63444,8.30304,1.10388
Tunbridge Wells,E07000116,9.89352,17.95332,13.9128,9.14688,9.29712,14.03196,21.57408,18.81252,5.89776,-6.65448,-10.4646
Burnley,E07000117,6.94932,8.39028,3.37296,8.07744,15.40092,18.04164,12.40884,-1.41996,-4.2414,-5.10144,4.53948
Chorley,E07000118,10.60728,15.4014,8.3586,6.54924,-0.25404,6.16728,4.989,9.99216,6.96564,6.52764,1.0986
Fylde,E07000119,12.01488,10.19616,12.37632,9.50712,14.19732,8.97828,4.35084,-7.29924,-3.05472,-2.0694,6.7386
Hyndburn,E07000120,4.40376,5.93244,6.00348,9.77268,2.88348,6.52416,10.16316,14.05272,8.95704,0.94932,-2.50284
Lancaster,E07000121,11.24364,11.07912,-4.08348,-3.58212,-2.1306,14.90172,15.63264,10.87188,-0.0882,-2.32212,1.00356
Pendle,E07000122,8.58516,4.52028,15.73704,4.36764,7.25472,-4.03248,9.97656,9.45048,13.89252,-1.16808,-3.00972
Preston,E07000123,10.64592,13.05396,12.8178,6.64716,0.91152,8.87268,7.71288,11.7318,4.94964,9.55476,4.73388
Ribble Valley,E07000124,16.1418,15.26808,13.5912,-2.9814,3.74484,-3.05388,15.16836,8.61864,1.17192,-7.55268,-12.23364
Rossendale,E07000125,11.46228,8.55024,11.15052,4.00692,1.17756,5.69772,14.52804,17.04144,19.00056,7.35804,6.68016
South Ribble,E07000126,15.04788,5.44032,1.94856,2.45736,13.42836,13.01688,6.69024,-0.4512,5.07264,10.59852,12.74232
West Lancashire,E07000127,14.163,9.88512,8.14296,2.15616,6.81384,8.82276,19.17,15.9756,14.01888,1.8756,-1.22856
Wyre,E07000128,0.34968,-1.00716,6.33564,7.86516,10.14012,-0.25716,-2.78292,-6.75408,4.61016,9.58188,13.107
Blaby,E07000129,4.09836,0.0336,2.9328,6.77052,10.96128,14.76204,7.41792,7.968,2.03388,1.40184,0.15264
Charnwood,E07000130,5.10816,12.2082,14.92896,14.49156,2.54556,9.8292,3.7734,5.37456,-3.72708,1.36056,3.99744
Harborough,E07000131,3.11472,5.1828,17.41752,18.99384,19.3362,10.24164,8.39904,5.46096,-0.35088,0.22116,3.42852
Hinckley and Bosworth,E07000132,-0.82032,6.12264,16.75776,24.76548,21.90744,18.15108,8.14836,4.72428,3.13536,0.5322,1.11972
Melton,E07000133,5.8284,-1.3854,2.43012,5.68236,10.79124,22.4418,7.2186,0.91284,-9.34404,2.84292,12.23664
North West Leicestershire,E07000134,10.18584,8.02968,13.758,6.96852,9.98796,9.3798,11.19588,16.3218,7.48476,6.3432,-6.20424
Oadby and Wigston,E07000135,2.83332,11.14308,11.28888,11.32164,5.23092,10.05384,15.08616,21.39216,12.27708,1.6068,-8.346
Boston,E07000136,12.69636,12.37512,4.75848,-0.16896,3.09144,6.56868,15.07764,13.39668,9.3858,1.87668,-1.16172
East Lindsey,E07000137,10.2228,12.1266,1.16112,0.40956,-5.94804,0.16572,3.88968,9.79896,11.83752,5.1816,1.95552
Lincoln,E07000138,5.76072,14.60904,9.99564,13.464,10.074,20.11632,10.61016,12.93204,3.48888,2.136,-3.7086
North Kesteven,E07000139,22.80036,21.34116,16.66116,3.42444,4.92444,6.96852,3.58644,3.60492,3.29136,13.67904,10.16628
South Holland,E07000140,9.5514,8.78412,-1.15716,-3.64656,9.6846,22.91556,20.79792,8.92884,-2.61156,-2.93988,-1.5498
South Kesteven,E07000141,5.7702,-0.62844,-6.40812,1.72392,11.6688,20.59788,16.93176,10.59552,3.30168,0.4332,0.069
West Lindsey,E07000142,1.25712,-5.58348,2.6436,12.92256,18.75984,22.26996,13.55604,6.96168,8.442,9.55152,17.4168
Breckland,E07000143,10.986,15.0762,8.85576,7.0812,4.95744,6.08892,4.6182,2.7912,1.79304,-3.78252,1.87284
Broadland,E07000144,10.38528,14.74932,11.27616,6.4608,3.12144,-0.45132,8.65932,10.16376,13.65624,4.49616,2.80632
Great Yarmouth,E07000145,6.27984,8.03832,-1.1256,2.8284,-2.7894,3.51816,6.8544,3.43392,3.6402,3.72444,10.30524
King's Lynn and West Norfolk,E07000146,5.7768,4.39572,2.84916,7.93332,15.40968,19.59432,11.0796,1.25052,-0.15648,-1.4772,1.94448
North Norfolk,E07000147,19.99092,22.8162,13.58496,8.67708,3.8712,9.32124,5.8608,2.80044,-3.54072,-2.94576,0.963
Norwich,E07000148,3.71316,9.19392,3.01908,3.07248,1.77768,10.35192,10.76076,7.49676,-2.01456,-6.92736,-6.90024
South Norfolk,E07000149,6.14928,10.3668,3.87348,0.61776,-1.85112,6.98112,10.97652,16.78548,8.4486,2.0568,-2.07804
Corby,E07000150,7.17,10.59024,6.0552,11.89716,3.14628,0.96876,-8.33172,1.34784,7.82448,10.0386,10.02
Daventry,E07000151,8.12916,10.41528,4.44864,7.60392,14.43828,19.35072,10.48236,-3.2298,-12.2256,-2.99712,2.69616
East Northamptonshire,E07000152,-3.24168,-3.8448,5.94168,5.53512,10.75428,10.2882,17.35812,25.88352,18.72828,11.28696,-5.02476
Kettering,E07000153,3.49704,4.02768,12.5112,7.70052,7.97028,5.46036,9.6522,12.8022,16.16352,7.32108,1.93092
Northampton,E07000154,7.49364,8.69652,9.01692,3.70704,9.20748,1.95348,2.42928,-4.59036,6.33948,11.18004,11.19984
South Northamptonshire,E07000155,7.37544,11.343,7.68888,14.20704,7.01232,12.65436,7.05708,12.08496,5.9892,8.4504,4.32948
Wellingborough,E07000156,13.69872,12.18228,7.30872,5.16984,9.702,4.98516,10.27608,-0.77088,0.72672,-6.90444,-3.8592
Craven,E07000163,14.29536,3.40308,10.27572,3.3588,9.867,11.42772,9.59088,6.54984,-0.70704,4.5906,0.94608
Hambleton,E07000164,15.17484,14.15868,5.2608,2.3628,8.13636,16.10892,21.94644,10.26984,5.25576,-0.73152,7.95096
Harrogate,E07000165,5.74248,7.12284,5.41464,4.93296,11.12136,12.84888,8.0478,6.19452,6.43632,8.75136,-0.79512
Richmondshire,E07000166,-12.41508,-9.25008,11.22276,14.57976,12.29736,1.34604,6.9438,5.72892,11.59368,6.52452,13.59936
Ryedale,E07000167,-6.89196,1.03896,8.72544,8.18244,17.4672,10.37064,2.20092,-10.09068,-1.5924,12.30708,28.0938
Scarborough,E07000168,5.48256,8.4324,8.0742,10.53948,5.83548,2.69892,0.57336,5.634,12.37056,10.01496,6.9942
Selby,E07000169,18.88284,10.09476,4.66512,0.23196,10.7508,13.19268,7.91352,3.42432,-0.2196,8.95008,3.49032
Ashfield,E07000170,14.09808,14.13156,6.3774,1.80528,6.1146,11.01432,13.02156,11.91012,6.85704,0.41376,-5.33736
Bassetlaw,E07000171,2.03784,12.6354,14.283,11.70072,2.25492,7.5792,9.6624,14.63676,5.24724,-2.1018,-7.27476
Broxtowe,E07000172,12.51336,3.55212,1.40112,3.11172,10.2498,16.0692,11.43036,6.39864,2.57616,-3.16392,-4.91664
Gedling,E07000173,12.35892,10.27656,6.2736,-0.36828,7.69788,9.37392,9.8442,6.372,2.79828,7.83084,-0.6636
Mansfield,E07000174,13.4328,6.99804,8.38848,-0.37968,6.56388,11.45796,17.10468,10.40184,1.68096,-4.4592,-2.20884
Newark and Sherwood,E07000175,7.73916,-0.44532,0.36396,7.89,17.12892,14.30124,9.89664,6.95688,4.70136,4.07544,-0.17892
Rushcliffe,E07000176,13.12116,18.35964,20.16816,7.21596,0.87024,-0.22752,7.77468,9.62556,12.57864,10.51968,6.6546
Cherwell,E07000177,9.26376,12.82596,10.88772,10.69236,3.66984,3.0156,2.7258,1.62576,-2.0946,-1.01508,0.58404
Oxford,E07000178,2.03616,8.40804,9.19464,15.11412,5.16468,7.45212,-0.83688,10.8684,7.7694,16.34904,8.96604
South Oxfordshire,E07000179,5.19024,9.78888,9.47256,13.40268,15.19884,14.70024,4.9092,-2.31,0.9726,7.21044,15.1176
Vale of White Horse,E07000180,13.83588,14.03112,18.55056,16.78692,14.58336,1.32984,-4.06872,-7.4826,1.17312,3.828,15.76332
West Oxfordshire,E07000181,8.93172,16.58976,15.91872,13.40352,1.97664,1.89936,-1.87884,5.7258,3.22452,5.03652,2.034
Mendip,E07000187,7.84464,9.0024,12.87852,12.06696,9.59916,8.6394,8.74524,11.1444,8.03904,0.55932,-2.4792
Sedgemoor,E07000188,9.28992,7.2258,9.11712,5.71464,5.83644,9.4242,9.40788,9.32988,3.77316,1.1232,3.04536
South Somerset,E07000189,7.48956,10.65504,12.91476,11.89572,9.20052,6.17844,6.12876,4.28436,5.28828,1.97268,2.59704
Taunton Deane,E07000190,-0.76776,3.2376,0.66516,-6.82572,-2.05944,6.83772,17.93484,13.12872,4.61508,-2.04924,-0.27468
West Somerset,E07000191,15.64296,17.21964,15.12864,-0.23628,1.81332,-2.37192,3.89952,6.855,22.77876,16.6266,-3.97452
Cannock Chase,E07000192,9.77736,-0.13752,1.24644,0.27072,15.38412,25.21296,23.5206,17.073,5.99616,-2.15988,-4.67124
East Staffordshire,E07000193,4.25784,0.4248,5.58672,16.1322,25.08324,20.877,7.96248,-3.55488,-1.53984,-5.69232,-4.17972
Lichfield,E07000194,14.02332,19.38096,14.3166,10.30008,1.2372,10.72248,11.76996,20.26536,13.71156,4.16904,-5.23836
Newcastle-under-Lyme,E07000195,4.6962,1.94952,5.64324,-1.54896,2.16228,2.88564,13.092,13.20708,13.81536,6.30912,-1.51548
South Staffordshire,E07000196,8.45724,7.69212,9.16536,7.82064,9.32556,13.41552,10.79304,8.57172,3.57504,11.16612,9.69888
Stafford,E07000197,11.1036,-0.67272,1.6272,3.1818,15.4344,14.74212,13.11084,4.3974,3.138,-1.48872,-1.9716
Staffordshire Moorlands,E07000198,4.98264,8.69544,10.54188,9.21672,8.71092,11.5716,15.46572,8.38632,2.86176,-6.44088,-4.37376
Tamworth,E07000199,5.13396,3.53064,7.55604,15.47616,22.92492,21.60924,11.80692,-0.90876,-3.2922,-1.8438,3.19116
Babergh,E07000200,10.0044,11.30448,14.46048,4.38516,2.3244,0.59376,10.09596,15.51048,8.88816,0.11052,-8.28372
Forest Heath,E07000201,29.86416,29.83056,23.9772,-0.73704,-0.73896,1.59996,17.0976,9.42156,1.33164,-11.05032,-4.69932
Ipswich,E07000202,8.70588,11.57604,10.719,6.41952,-1.29816,3.46296,6.24732,6.8376,4.34772,-0.1434,1.19856
Mid Suffolk,E07000203,11.466,13.89228,9.94464,6.6522,4.13184,14.44344,11.02272,2.7504,-2.856,-1.16916,12.53256
St Edmundsbury,E07000204,12.615,13.22808,20.33472,13.20144,10.52316,5.9478,1.82424,2.75352,-0.02496,7.27044,6.52068
Suffolk Coastal,E07000205,7.5288,10.08612,14.73576,9.38388,3.56784,-1.16292,2.33304,8.01132,14.21508,10.29504,5.78664
Waveney,E07000206,10.50216,8.87316,9.21324,3.624,11.32884,14.66604,10.34712,0.24,-5.36436,-3.34176,0.9318
Elmbridge,E07000207,5.24856,-1.54164,-2.07516,-0.9642,6.7098,11.901,11.42388,14.3166,14.12688,13.50936,9.0252
Epsom and Ewell,E07000208,2.51568,0.56028,-4.68492,11.32548,14.6034,18.03432,3.0156,-0.07848,0.29172,3.5598,-0.03864
Guildford,E07000209,-0.01308,4.85736,10.48632,11.54328,3.97116,4.9446,5.38356,4.22952,-1.01832,-8.18412,0.96144
Mole Valley,E07000210,4.58952,10.773,12.6042,5.1642,0.1158,4.88412,13.45404,12.40128,4.33008,-4.81992,-0.22872
Reigate and Banstead,E07000211,2.48148,10.78656,16.76868,17.90772,10.64196,9.13608,9.31656,14.05368,7.79172,-0.93372,-9.91896
Runnymede,E07000212,1.05348,4.85136,8.06136,10.4172,11.8464,18.13596,11.95716,1.74444,-1.85136,1.3464,8.59776
Spelthorne,E07000213,2.92452,6.252,14.53116,14.89356,16.14552,10.01292,-2.19744,-1.36008,-0.55488,6.75972,3.612
Surrey Heath,E07000214,11.73768,12.16992,16.2558,15.92832,14.56728,8.90136,2.51556,-3.1578,-3.25548,-0.93156,4.93584
Tandridge,E07000215,21.33204,8.06064,4.275,-6.3432,-1.29012,6.71076,13.30272,8.2158,1.2708,-1.60404,6.92076
Waverley,E07000216,7.2396,12.12024,19.14144,24.02568,11.06724,4.29492,1.16928,5.63628,3.99912,-1.00248,3.36492
Woking,E07000217,13.95288,8.56752,9.06228,11.98572,17.60928,13.809,2.52096,-4.92876,-5.3604,0.57816,-6.88608
North Warwickshire,E07000218,0.75192,11.8086,7.191,13.50432,9.94536,11.2692,3.27408,0.23616,5.60028,0.5022,2.00196
Nuneaton and Bedworth,E07000219,7.65132,6.894,10.1646,16.5414,17.30028,14.24364,11.41044,6.78,7.80492,-3.64056,0.92004
Rugby,E07000220,9.36576,14.463,19.27272,19.3926,13.94868,13.917,10.66608,15.15252,10.82808,6.3444,-3.97584
Stratford-on-Avon,E07000221,-0.65148,-1.55856,8.6046,11.78904,15.53736,19.69908,20.61864,18.59844,3.8904,-0.88452,-6.41916
Warwick,E07000222,15.28548,6.02784,4.52328,3.46044,10.659,11.56584,12.09132,3.62184,2.13876,-0.0648,1.52076
Adur,E07000223,-12.24312,-9.95124,-0.1014,11.42544,19.69584,23.11308,11.02032,8.3706,1.34904,3.19872,3.03432
Arun,E07000224,3.78948,2.39472,1.42236,10.25364,11.49684,13.44204,5.81292,7.95048,2.8554,4.3692,-3.957
Chichester,E07000225,7.10616,0.03372,2.54328,6.44436,19.86324,15.198,11.97864,1.2468,7.07208,2.61912,8.11092
Crawley,E07000226,15.81012,14.4648,20.02176,14.718,0.89004,-2.06724,-1.99884,6.35028,5.1348,10.47204,6.19872
Horsham,E07000227,6.55944,4.13784,-2.1738,2.08812,9.0174,15.31704,9.67476,5.89464,0.84636,2.3784,1.81644
Mid Sussex,E07000228,8.6106,12.01596,14.92524,14.9328,5.9124,5.298,6.5148,13.83648,14.48556,8.15628,6.94008
Worthing,E07000229,2.00436,-1.09572,10.95852,13.27464,13.44696,11.68092,6.01344,13.70268,4.96128,2.50584,-7.11072
Bromsgrove,E07000234,3.42732,7.52508,5.256,9.68556,11.73816,14.29632,15.55608,6.29808,4.49832,1.28052,8.03028
Malvern Hills,E07000235,14.48064,13.94808,20.59188,14.09556,8.67168,-0.21444,-0.2214,0.45408,-1.23048,0.43032,4.92972
Redditch,E07000236,-4.6446,-8.4894,10.5954,23.10936,24.213,14.45244,6.32988,4.53432,5.3424,7.5048,6.8994
Worcester,E07000237,6.90864,12.60468,7.92288,4.14372,6.11196,13.67568,15.4428,11.38248,1.54056,3.74532,3.36288
Wychavon,E07000238,8.2608,10.97772,11.7798,6.4554,2.38548,9.69396,7.46832,10.18152,0.24048,5.10216,7.82052
Wyre Forest,E07000239,6.192,7.60476,11.95272,11.62956,8.07648,5.9208,4.9368,5.44248,2.55396,-2.5686,-1.33584
St Albans,E07000240,2.59872,14.7066,10.09104,9.633,5.67516,10.99584,18.86004,14.31996,8.57676,-5.41608,-2.36232
Welwyn Hatfield,E07000241,11.03028,8.49,-4.90824,1.3902,5.63208,15.58188,7.86684,5.08452,3.53868,7.85664,7.6194
East Hertfordshire,E07000242,3.12396,8.52816,9.95712,9.597,6.357,12.52104,7.64472,13.78464,7.7604,19.23252,11.38332
Stevenage,E07000243,22.3158,12.89196,7.21164,0.63684,10.40232,10.5966,4.59168,-1.3596,-4.64112,-1.67208,0.65652
Bolton,E08000001,3.26004,6.2418,9.1206,5.6166,9.64572,13.82688,16.46208,14.52288,7.93596,3.0444,-2.74272
Bury,E08000002,4.158,6.14988,6.65796,9.61872,6.7584,3.18324,-0.1914,2.06124,5.0118,6.62604,4.31496
Manchester,E08000003,7.77828,9.70656,4.91196,4.09476,1.12068,7.11288,8.62248,13.91184,7.88052,3.89256,-6.0492
Oldham ,E08000004,7.9488,2.96724,0.34668,5.50464,14.62188,18.49128,15.78456,11.54784,-0.3048,-4.689,-8.53848
Rochdale,E08000005,3.59016,6.7596,10.64148,12.18204,11.03724,14.65908,6.20712,6.20736,-2.52972,0.27816,-4.611
Salford,E08000006,8.2842,7.33092,6.7128,9.72504,9.80196,15.81732,11.1762,7.30848,4.88424,5.2098,6.95928
Stockport,E08000007,9.45792,8.13924,13.13016,5.5932,3.90792,5.27904,8.97276,7.62048,2.103,0.92712,5.36904
Tameside,E08000008,8.27496,1.545,-0.38724,-2.06472,6.97824,11.54916,12.87228,3.24624,2.69892,0.37068,6.90096
Trafford,E08000009,10.15044,14.1624,16.19304,17.679,11.33424,8.96736,6.7554,4.85772,4.51368,0.345,5.20056
Wigan,E08000010,12.03276,4.30536,4.28004,7.20588,12.98184,12.20616,6.33684,3.44904,6.66492,5.55192,3.7962
Knowsley ,E08000011,10.614,9.23472,6.0432,6.51456,9.29172,20.56776,13.51332,11.34636,-2.33316,-1.35348,-4.3998
Liverpool,E08000012,8.49156,10.07016,10.07568,11.69088,7.668,12.16632,8.54916,10.99284,5.33664,3.47064,-1.13292
St. Helens,E08000013,13.95288,5.53272,8.82684,0.94452,11.48844,13.557,16.32744,8.52372,1.6212,-3.88572,-7.36896
Sefton,E08000014,12.7014,13.818,12.9726,6.91632,6.93696,14.18688,12.4704,5.81196,-5.00484,-4.25508,-0.7464
Wirral,E08000015,8.95764,8.45688,8.10012,2.00172,-0.25572,7.40952,10.73472,16.70952,6.66348,1.1376,-7.47276
Barnsley,E08000016,-0.7296,4.39104,9.0612,7.52376,6.91968,7.2696,14.6274,13.22412,11.69028,2.48748,3.98676
Doncaster,E08000017,9.41508,9.6894,8.5926,8.7864,7.59504,9.9708,5.23872,4.31016,-1.02348,1.24968,-0.56916
Rotherham ,E08000018,11.97876,13.07388,9.44976,2.67444,5.98212,10.47324,10.4376,3.22884,-2.6874,-3.35544,2.20548
Sheffield,E08000019,8.9364,8.41524,8.7822,2.4996,6.2466,8.7132,11.8368,8.3766,5.47296,2.72124,3.48048
Newcastle upon Tyne,E08000021,6.10776,5.81712,1.19076,4.31112,2.61144,12.2214,10.21656,15.2052,8.41416,2.8344,-4.2936
North Tyneside,E08000022,7.79052,11.04768,2.28036,4.98024,3.45396,12.00336,10.18488,14.29656,12.05556,5.92812,1.09764
South Tyneside,E08000023,3.45996,10.78032,2.90328,5.1012,2.6028,11.72268,7.24044,11.21232,4.82364,5.81028,1.30764
Sunderland,E08000024,9.58752,13.00488,10.79364,9.76092,3.81804,5.2974,1.6182,4.60596,-0.01404,2.93112,3.35532
Birmingham,E08000025,10.32636,10.07988,9.67212,8.9922,9.69864,11.51892,8.73828,6.61464,2.43552,-0.16584,-1.37076
Coventry,E08000026,5.80836,4.31916,3.17592,5.94312,6.85368,12.0414,12.072,13.5942,5.7594,3.84756,0.84948
Dudley ,E08000027,10.79964,11.37852,10.9872,9.14556,9.26664,10.94532,10.1118,9.27,5.63532,0.70548,-1.32912
Sandwell ,E08000028,9.05472,8.61852,6.80784,10.44432,9.4152,16.13076,7.32408,7.37688,-0.23364,2.25804,0.648
Solihull,E08000029,12.34488,16.00224,7.35144,5.67936,1.66296,12.37344,9.58176,11.1684,1.2342,-0.66696,-3.07536
Walsall,E08000030,4.18368,9.60684,5.42868,11.12724,6.43296,12.33756,6.31608,10.98012,3.15492,2.1066,-7.1022
Wolverhampton,E08000031,1.17252,4.46364,6.83472,10.57788,4.9428,11.0418,6.9492,13.82712,3.0336,-1.93344,-6.94164
Bradford ,E08000032,8.78124,3.98412,6.56352,5.65044,10.88628,10.16232,12.01788,6.15276,4.10436,-0.81192,3.09396
Calderdale,E08000033,12.51912,6.0438,5.86752,-3.12336,0.2988,4.55772,12.50928,8.5284,4.82664,0.54432,3.8436
Kirklees ,E08000034,14.69424,12.11424,7.10244,4.11888,8.46792,11.7216,11.64828,11.5728,7.34424,5.85924,0.62868
Leeds ,E08000035,8.64084,7.08528,5.15676,2.1078,2.13216,3.80088,5.9688,4.37388,5.68608,0.97656,2.60496
Wakefield,E08000036,6.82104,7.93884,7.53012,7.01544,5.33508,10.17684,5.6706,9.72,7.35276,9.25068,2.78232
Gateshead,E08000037,9.37656,10.94628,11.36988,8.80632,8.43048,9.35268,6.68796,0.76956,-1.68636,1.00944,1.44744
Barking and Dagenham,E09000002,5.31312,11.80908,11.24076,10.11072,6.63264,13.1784,13.52364,17.11872,7.31844,0.10584,-3.39744
Barnet,E09000003,13.36692,9.8208,10.45596,7.08216,5.88756,3.10908,6.14772,11.32692,11.66004,7.25736,3.35892
Bexley,E09000004,15.02304,12.38268,6.82692,4.0284,7.24512,14.97564,15.03672,10.60716,5.06736,-0.249,1.19028
Brent ,E09000005,18.29916,15.5856,10.7334,5.89092,2.06148,6.75612,6.9582,9.8166,6.30156,8.83164,8.56584
Bromley,E09000006,14.95536,12.9858,9.94908,3.32064,6.789,9.5964,9.85704,9.65496,5.71716,8.32968,1.93344
Camden,E09000007,10.4274,13.56576,12.29184,20.27112,20.68344,19.88244,15.97764,16.04484,20.00316,15.51264,15.86256
Croydon,E09000008,6.53052,12.90636,13.19052,16.69464,7.4916,9.13428,4.94424,9.9186,6.405,4.05324,3.31512
Ealing,E09000009,10.2246,17.09316,14.49276,10.97388,3.22428,9.72504,11.53788,13.0068,4.84248,1.60716,2.0214
Enfield,E09000010,10.41048,14.19288,14.1684,9.6042,5.277,14.17788,13.32696,17.21868,5.0856,4.35324,4.20828
Greenwich,E09000011,7.3116,13.53972,16.30812,12.3984,3.97356,6.95568,6.32352,14.16336,5.7354,5.6766,-3.49068
Hackney ,E09000012,11.8914,8.9592,0.20184,2.031,2.57448,11.76768,13.01736,15.62544,9.5772,3.99084,-0.1008
Hammersmith and Fulham ,E09000013,18.14196,18.42444,16.59876,5.23368,-1.64952,-0.84708,-1.04352,3.09888,8.14704,9.01164,12.65376
Haringey,E09000014,26.436,29.56308,25.39908,18.21132,10.11912,6.40512,0.65988,9.6618,12.27372,11.6592,3.69684
Harrow,E09000015,3.6018,9.28284,17.8206,14.07216,10.05312,9.64404,9.30204,12.7182,8.6328,9.5592,4.3836
Havering,E09000016,12.183,10.88424,11.16324,9.24252,13.15596,14.81412,9.17076,6.1458,1.32312,8.0736,7.18248
Hillingdon,E09000017,8.9766,14.58372,16.77072,12.33036,9.26796,5.22096,2.23344,3.41064,4.85544,4.54848,3.09876
Hounslow,E09000018,11.6514,16.36764,17.16168,17.49684,12.7716,11.02476,8.72604,8.1192,11.23548,13.2288,12.75324
Islington,E09000019,7.85292,17.87448,15.85584,14.44644,8.05464,13.70448,18.4962,18.6942,12.3456,2.03628,2.27424
Kensington and Chelsea,E09000020,12.58008,5.36688,10.36488,4.96044,5.45976,-0.78564,-3.77928,-0.76356,3.44892,11.55948,7.19088
Kingston upon Thames,E09000021,17.95152,16.566,10.5678,7.73172,10.425,13.02216,13.32012,6.41544,3.40944,-1.13268,6.23868
Lambeth ,E09000022,4.93824,8.0982,14.1606,10.20072,5.78124,11.91696,20.73324,25.60332,11.63136,3.44592,-0.27888
Lewisham ,E09000023,16.97352,15.55788,15.24888,12.09972,7.94304,11.92308,10.60872,14.0982,13.3404,9.11184,6.78132
Merton,E09000024,11.50176,5.95224,6.56472,3.72972,12.69888,11.44896,12.18012,3.6846,3.8784,2.09916,3.01212
Newham ,E09000025,6.09144,11.58312,17.81424,15.15276,18.7404,18.62136,22.41684,13.20768,12.64632,0.44616,8.40372
Redbridge,E09000026,13.11336,13.14312,10.44888,8.08884,7.79076,12.18504,12.80268,12.81288,11.82168,4.7718,3.31416
Richmond upon Thames,E09000027,8.92008,14.62176,15.74676,23.19192,18.36828,18.44556,7.17648,5.57784,1.56036,-1.1154,4.1832
Southwark,E09000028,13.3692,12.11784,9.7956,7.10316,9.5778,11.451,13.8756,17.93352,15.72564,10.76748,3.58572
Sutton,E09000029,22.92348,15.39144,8.49432,3.57972,9.75816,15.35568,11.3058,6.549,-6.0558,-2.8776,-4.03152
Tower Hamlets,E09000030,15.66432,13.86144,5.4762,6.35388,8.74476,16.67076,13.55628,16.26084,7.21644,7.782,-0.49536
Waltham Forest,E09000031,15.9756,13.84608,10.90548,11.47992,12.921,16.33296,14.81028,14.14152,10.3848,6.97476,5.6214
Wandsworth,E09000032,11.0214,9.78396,6.3204,8.55216,12.63204,19.6722,15.64776,9.81144,7.26936,5.83536,7.25592
Westminster,E09000033,13.18632,14.28768,23.91612,16.76196,11.93508,0.56784,-2.56764,6.26028,13.63956,16.7856,8.3802
Antrim and Newtownabbey,N09000001,8.21328,7.78212,5.71164,4.81656,4.24872,6.20328,4.24092,4.85376,-1.66812,0.55728,-1.536
"Armagh, Banbridge and Craigavon",N09000002,13.43016,17.94324,3.65448,2.7126,-4.044,6.5928,7.01088,9.1704,0.22992,-1.92456,-2.43096
Belfast,N09000003,4.79724,4.20024,0.90756,1.07616,1.58508,6.59544,7.34964,7.91964,6.41616,4.15872,3.49356
Causeway Coast and Glens,N09000004,0.4584,4.94064,10.09848,11.46204,3.2322,6.3894,5.25948,6.86004,0.97428,1.84416,8.76576
Derry and Strabane,N09000005,8.2476,5.37996,1.54428,-2.1348,-0.06924,3.57936,15.1158,17.71992,13.83816,9.35388,-0.456
Fermanagh and Omagh,N09000006,4.64952,8.682,6.47052,11.76576,12.6954,12.49812,18.21864,9.13812,3.82128,-10.42524,-8.05428
Lisburn and Castlereagh,N09000007,5.62116,10.9668,13.7886,10.3866,4.52244,1.96944,4.37688,12.97464,12.41244,8.33052,0.30468
Mid and East Antrim,N09000008,15.04104,10.47756,2.25744,-1.13796,3.23436,10.82832,14.90916,10.20912,3.53544,-2.12736,-0.17544
Mid Ulster,N09000009,2.50968,4.176,6.54324,8.28816,4.12524,10.71864,11.60052,18.56328,10.08024,5.00184,-8.49192
"Newry, Mourne and Down",N09000010,0.32412,1.1202,1.92072,9.39564,10.92852,17.16876,13.47624,13.78488,5.8764,0.67848,-1.61748
North Down and Ards,N09000011,7.20036,12.96888,4.05192,-0.0144,-1.98132,7.39632,8.97012,6.2976,0.39996,0.66828,3.12948
Clackmannanshire,S12000005,2.15736,1.92984,19.36536,24.61188,13.81236,2.82924,-4.86072,-8.1738,-4.4322,-3.67056,8.90052
Dumfries and Galloway,S12000006,7.84404,8.43828,8.061,2.48628,13.1904,12.03672,15.66072,1.8102,-0.23712,-5.69508,4.15884
East Ayrshire,S12000008,2.33004,-6.92292,4.51956,5.3262,18.26316,17.28684,19.065,3.8718,-1.72152,-8.86968,1.92624
East Lothian,S12000010,6.5142,9.76332,13.26852,5.32476,1.8528,-0.2418,4.03824,6.5088,10.8216,12.67356,13.08252
East Renfrewshire,S12000011,9.69948,21.1068,8.8656,-0.699,-2.226,12.75528,11.51604,8.43828,-2.78916,7.92948,7.98216
Na h-Eileanan Siar,S12000013,3.93564,3.73848,21.162,24.29736,21.54936,-9.77436,-22.26384,-20.04348,17.6982,31.86648,26.6814
Falkirk,S12000014,10.2402,6.64752,4.1106,2.54496,9.31608,9.52344,10.66548,5.03028,7.87452,4.19544,-0.17472
Fife,S12000015,6.25944,7.35924,5.52324,1.35756,2.77164,10.05708,12.80988,10.50084,6.11784,5.01456,0.75912
Highland,S12000017,13.61604,9.40284,6.22272,7.16772,10.90776,8.15052,7.78152,8.19672,14.52936,10.21464,8.69436
Inverclyde,S12000018,0.79272,1.8366,8.58996,13.43136,12.25524,12.45804,11.99028,17.76528,13.71804,6.03372,-6.756
Midlothian,S12000019,12.75048,7.42116,12.67656,18.44688,19.31892,10.79004,0.08304,4.39416,1.68744,3.21576,-3.2424
Moray,S12000020,-1.29396,2.35428,5.06064,13.44096,13.86216,14.7642,6.14868,0.90132,-1.67808,0.357,6.64896
North Ayrshire,S12000021,6.14976,-0.6504,1.09452,2.6268,6.29712,14.71572,17.72424,16.86564,9.05748,1.6026,-5.03844
Orkney Islands,S12000023,-0.33216,13.29792,2.70924,10.82544,1.9086,0.75624,-0.6198,10.65912,15.33792,11.77728,1.37424
Perth and Kinross,S12000024,12.77628,10.26384,8.7204,5.77584,12.2628,13.93812,13.01424,6.43908,4.29576,-0.14292,-0.45888
Scottish Borders ,S12000026,10.26936,11.38404,9.9546,8.0766,6.99612,12.26004,6.61728,10.50456,5.71284,7.75212,3.10236
Shetland Islands,S12000027,7.58712,26.6148,6.37296,4.40832,-22.40688,-4.24596,-3.65904,23.62872,16.2924,6.31632,-6.37536
South Ayrshire,S12000028,14.724,11.07576,9.82752,4.17708,5.75196,0.37752,3.80436,-1.782,0.87492,-0.70392,-1.07052
South Lanarkshire,S12000029,8.81508,8.90364,4.19076,6.1614,7.92564,10.58184,7.64592,6.05148,5.46888,4.42344,0.84708
Stirling,S12000030,14.68584,11.72256,11.78988,12.97152,10.32372,11.08404,2.28372,4.67916,-1.13724,2.97624,2.53548
Aberdeen City,S12000033,1.81008,2.45808,3.63156,5.08752,7.54884,9.37248,6.35844,5.3952,-0.7956,-1.45896,-4.80276
Aberdeenshire,S12000034,4.38792,5.73024,1.67172,2.40888,3.39744,10.1646,7.6644,6.65772,2.78064,3.55116,4.24188
Argyll and Bute,S12000035,9.7728,-0.72804,-10.36092,-1.97292,9.91476,17.41164,10.2648,8.27064,8.18064,13.15872,12.09456
City of Edinburgh,S12000036,7.75848,5.10252,6.41244,4.20504,7.53168,6.43116,8.62056,6.2592,6.92268,5.16144,4.425
Renfrewshire,S12000038,5.3592,7.65072,6.9906,9.5328,9.27444,17.19852,12.68052,11.18304,4.20612,2.68944,-4.89552
West Dunbartonshire,S12000039,2.76024,3.70776,6.6228,8.64948,4.15428,10.34748,4.45092,10.37472,-3.24132,0.0882,-2.81064
West Lothian,S12000040,15.65532,10.73064,8.94024,6.4758,10.15812,9.5676,5.5224,4.8156,6.55056,9.84828,7.59312
Angus,S12000041,-1.31148,13.47132,15.33936,11.53092,-2.17344,-1.10952,1.03128,11.42832,11.94732,11.95176,4.16988
Dundee City,S12000042,15.51528,9.4218,13.38876,0.42936,-3.49092,-5.72256,1.04868,9.12612,13.88232,11.33472,0.6588
North Lanarkshire,S12000044,9.96708,11.43264,9.73932,3.93732,4.00812,6.82284,6.89016,8.12388,7.80348,6.29364,2.98404
East Dunbartonshire,S12000045,12.9168,22.20228,14.6736,13.58832,0.28896,6.85632,5.78652,14.79924,8.7516,5.226,0.36036
Glasgow City,S12000046,5.39808,7.01112,5.83068,6.16332,10.83396,13.64016,13.29828,7.55832,5.44272,4.54764,5.23128
Isle of Anglesey / Ynys M™n,W06000001,18.13584,11.25912,15.11568,-1.19592,-3.19224,-5.81172,10.12872,13.07196,8.1366,-3.43404,-4.81524
Gwynedd / Gwynedd,W06000002,8.62476,14.23776,11.00796,4.98792,1.89108,13.01124,9.834,17.25708,3.23604,9.5436,0.15552
Conwy / Conwy,W06000003,10.82232,6.07488,3.28176,2.98272,4.35624,8.37168,9.10788,12.33168,6.54588,0.96312,1.67016
Denbighshire / Sir Ddinbych,W06000004,10.27548,6.5412,11.826,-1.0506,-4.9206,-2.12364,7.8768,9.0666,5.86692,7.5282,9.951
Flintshire / Sir y Fflint,W06000005,10.95876,5.11332,10.86384,8.43924,6.86784,8.05404,6.25008,4.89792,1.83144,1.2768,3.36408
Wrexham / Wrecsam,W06000006,8.05932,7.03128,6.35796,5.12268,7.06548,10.88316,13.60224,10.56792,2.21508,-3.59976,-4.5258
Ceredigion / Ceredigion,W06000008,11.739,25.58772,19.42896,10.941,-3.97272,-2.49888,2.77056,7.0956,6.96192,-0.30132,2.49756
Pembrokeshire / Sir Benfro,W06000009,14.90364,16.03824,10.014,8.51472,5.72328,8.52156,2.58588,6.68568,6.26304,9.05604,9.93192
Carmarthenshire / Sir Gaerfyrddin,W06000010,13.99344,13.5192,6.1458,0.86388,2.57196,11.02776,15.85536,11.6724,4.55016,-2.5938,-3.846
Swansea / Abertawe,W06000011,9.85884,5.00688,2.71416,6.61572,12.8406,14.21076,7.23396,0.28764,2.15856,4.2204,2.59992
Neath Port Talbot / Castell-nedd Port Talbot,W06000012,5.35224,5.25324,-0.94308,4.32216,3.1926,6.38784,6.88728,1.7832,4.0026,-0.38688,0.99192
Bridgend / Pen-y-bont ar Ogwr,W06000013,7.61124,5.09328,1.67124,10.57392,13.93092,12.71364,-4.9164,-3.06372,6.12768,14.22852,9.4446
Vale of Glamorgan / Bro Morgannwg,W06000014,2.24784,8.76468,17.09412,15.7548,10.85652,9.8646,7.28064,7.58748,1.1472,1.76196,3.15288
Cardiff / Caerdydd,W06000015,11.80788,11.24664,10.48884,4.46304,3.8652,6.90912,9.81048,13.29804,7.99164,2.466,-1.22892
Rhondda Cynon Taf / Rhondda Cynon Taf,W06000016,10.67964,7.35648,4.314,-1.75368,5.01444,11.4804,13.70076,6.9468,2.62908,-3.20268,1.69932
Caerphilly / Caerffili,W06000018,5.48772,10.27428,17.5212,12.86796,11.45316,9.83892,6.25596,3.50736,-1.3494,-3.28188,-1.9404
Blaenau Gwent / Blaenau Gwent,W06000019,1.4982,1.80228,2.01432,4.45008,11.95032,14.82864,11.58936,6.34068,6.1788,8.11896,6.864
Torfaen / Tor-faen,W06000020,13.83408,4.419,-2.94168,-4.92168,7.14048,18.2226,16.1034,3.6792,-7.377,-1.04784,7.62348
Monmouthshire / Sir Fynwy,W06000021,21.66648,27.1404,8.29488,0.933,1.3338,5.09556,5.50488,4.99584,3.72732,5.20788,-1.36716
Newport / Casnewydd,W06000022,-0.70668,-1.54092,8.06724,10.78272,16.66824,13.4376,8.87208,4.31784,3.61188,3.37308,-3.62088
Powys / Powys,W06000023,9.76164,12.98676,15.53772,15.606,12.093,8.89308,4.28316,5.26284,3.71976,1.61664,6.6234
Merthyr Tydfil / Merthyr Tudful,W06000024,8.32056,14.36868,11.15004,2.54496,10.07064,13.8054,20.67768,7.72308,-1.64736,-5.73936,-2.70828
