AREANM,AREACD,percent_change,population_change,natural_change,all_migration_net,net_within_uk_migration,net_international_migration,births,deaths,internal_migration_in,internal_migration_out,international_migration_in,international_migration_out,crossborder_in,crossborder_out
Hartlepool,E06000001,0.6,573,-86,515,-95,611,9962,10048,21267,20948,2042,1431,893,1307
Middlesbrough,E06000002,0.8,1124,4813,-3621,-9496,5875,18753,13940,57446,66813,11610,5735,2072,2201
Redcar and Cleveland,E06000003,-0.1,-75,-1343,1136,476,660,13755,15098,38832,38287,1789,1130,1492,1561
Stockton-on-Tees,E06000004,3.2,6256,3719,2530,-785,3315,22412,18693,61720,61689,8520,5205,2366,3182
Darlington,E06000005,0.2,185,-40,119,376,-258,11436,11476,35422,34789,2609,2867,1763,2020
Halton,E06000006,1.7,2125,1744,284,-47,331,14483,12739,33332,33061,2278,1946,2651,2968
Warrington,E06000007,4.7,9751,2798,6879,5204,1674,23327,20529,67446,61843,8377,6702,4465,4863
Blackburn with Darwen,E06000008,-0.3,-461,7942,-8387,-10892,2505,20163,12222,44672,55037,7275,4769,1732,2259
Blackpool,E06000009,-1.9,-2729,-1643,-1192,-1991,799,15777,17419,74290,76379,4710,3911,5047,4949
"Kingston upon Hull, City of",E06000010,1.4,3538,10661,-7178,-13040,5863,34373,23712,83422,95854,20637,14774,2554,3162
East Riding of Yorkshire,E06000011,2,6736,-12443,19092,17315,1777,27840,40283,144803,126960,7734,5956,4251,4779
North East Lincolnshire,E06000012,-0.7,-1112,222,-1381,-2658,1277,17070,16848,40101,42512,4023,2746,1529,1776
North Lincolnshire,E06000013,2.4,4110,-1209,5246,1603,3643,16891,18099,48523,46753,6688,3045,1744,1912
York,E06000014,4.4,9113,2270,6961,317,6644,20649,18378,126518,126179,22977,16333,5736,5758
Derby,E06000015,4.5,11536,11056,555,-5445,6001,33404,22348,105469,110943,18150,12149,3867,3837
Leicester,E06000016,7.5,26043,27351,-1217,-30203,28986,52307,24956,167642,197331,61822,32836,4330,4843
Rutland,E06000017,4,1572,-1019,2388,2020,369,3196,4215,24796,22662,1247,878,746,860
Nottingham,E06000018,5.3,17206,21236,-3565,-27615,24050,43874,22638,254689,282211,58682,34633,6427,6520
"Herefordshire, County of",E06000019,4.5,8528,-3485,11844,3753,8091,17466,20951,57099,52299,13839,5748,11896,12943
Telford and Wrekin,E06000020,5.7,9857,5199,4634,2012,2622,20481,15282,59786,57458,7075,4453,5690,6006
Stoke-on-Trent,E06000021,3,7624,9516,-1910,-8919,7009,33807,24291,89480,98044,15765,8756,3602,3956
Bath and North East Somerset,E06000022,6.9,12890,2993,10101,2022,8079,19497,16504,126611,125801,22266,14187,8914,7702
"Bristol, City of",E06000023,9.2,42154,38821,3291,-4902,8193,70835,32013,266727,275663,56195,48002,25189,21155
North Somerset,E06000024,8.4,17709,-1452,19099,17899,1200,22656,24108,91800,73784,6401,5202,6440,6557
South Gloucestershire,E06000025,9.3,25708,10087,15586,11141,4446,33486,23399,140200,128389,14206,9760,10121,10791
Plymouth,E06000026,2.6,6851,5526,1443,-3778,5221,29838,24312,125502,127986,17015,11794,7217,8511
Torbay,E06000027,5.2,6959,-4315,11231,9958,1272,13506,17821,64056,53963,3929,2657,3041,3176
Bournemouth,E06000028,6.9,13383,2128,11357,2737,8620,21405,19277,150146,147060,29957,21337,3969,4317
Poole,E06000029,3.8,5718,-1287,6970,5954,1016,15406,16693,90709,84711,6994,5979,2497,2540
Swindon,E06000030,6,13135,8875,4207,-681,4887,26919,18044,70038,69888,14091,9204,4740,5571
Peterborough,E06000031,8.1,15905,14014,1762,-12542,14304,29394,15380,74719,86572,23238,8934,2517,3205
Luton,E06000032,7.5,16198,18632,-2444,-21874,19430,33566,14934,85743,106933,33984,14554,2040,2724
Southend-on-Sea,E06000033,7.2,13021,3218,9750,8528,1221,21720,18502,83541,74705,6684,5463,1839,2147
Thurrock,E06000034,11.2,18795,11718,7046,2851,4195,24087,12369,72886,69531,8670,4475,1118,1622
Medway,E06000035,8.2,22800,12932,9874,8084,1789,35967,23036,121374,112204,12191,10401,2693,3779
Bracknell Forest,E06000036,6.8,8097,6733,1306,-1655,2961,14539,7806,63966,64687,7523,4562,1495,2429
West Berkshire,E06000037,4,6264,4190,2016,638,1378,17097,12907,80458,78965,6581,5203,3066,3921
Reading,E06000038,5.7,9313,13115,-3787,-13449,9662,24187,11072,116179,129934,28374,18712,5271,4966
Slough,E06000039,5.5,8061,14555,-6536,-13598,7062,22824,8270,63464,76163,16860,9798,1655,2554
Windsor and Maidenhead,E06000040,3.4,5095,3004,1995,382,1613,16092,13088,89278,88448,9928,8315,2728,3175
Wokingham,E06000041,7,11435,4885,6503,3108,3395,17972,13087,100284,96717,10459,7065,3406,3865
Milton Keynes,E06000042,9.4,25015,16829,8006,3180,4826,35589,18761,109020,105294,18943,14117,4011,4557
Brighton and Hove,E06000043,6,17148,10618,6585,-15471,22056,30818,20200,186615,201991,51610,29554,6006,6100
Portsmouth,E06000044,4.6,9868,10214,-149,-9407,9258,27091,16877,117342,126002,24394,15136,4098,4846
Southampton,E06000045,5.6,14067,15244,-870,-19443,18573,33121,17877,156820,176682,44900,26327,6668,6250
Isle of Wight,E06000046,3.8,5399,-5682,11065,10364,701,12068,17751,46592,36114,3294,2592,1927,2041
County Durham,E06000047,3,15568,-3203,18738,12020,6718,53141,56344,161764,149056,18174,11455,8668,9355
Cheshire East,E06000049,3,11375,-2781,14048,14808,-760,37067,39848,140517,124354,12765,13525,8520,9875
Cheshire West and Chester,E06000050,3.1,10513,478,9991,10172,-181,35169,34692,113850,102972,11417,11598,25333,26040
Shropshire,E06000051,3.9,12219,-7634,19675,18456,1219,27578,35212,101695,84991,8460,7241,20686,18934
Cornwall,E06000052,6.8,37643,-8738,46373,43687,2686,53826,62565,206217,161601,17621,14935,12318,13247
Isles of Scilly,E06000053,-5,-116,-68,-49,-31,-19,202,270,1787,1782,199,217,130,166
Wiltshire,E06000054,6.5,32053,2203,22338,21743,594,50483,48280,202421,178721,17510,16916,12045,14002
Bedford,E06000055,11,18499,5554,12900,9263,3637,20624,15069,81515,71902,12431,8795,2009,2358
Central Bedfordshire,E06000056,12.8,35480,12054,23266,17801,5465,34212,22158,148445,129537,15031,9566,2990,4096
Northumberland,E06000057,0.4,1140,-10596,11601,11387,214,26430,37026,87177,74729,4231,4017,10303,11363
Aylesbury Vale,E07000004,14.2,27382,8444,18892,11837,7055,24074,15630,99871,87217,14005,6950,2585,3402
Chiltern,E07000005,3.5,3309,200,3078,3223,-145,8794,8594,56286,52694,3273,3418,1167,1536
South Bucks,E07000006,6,4174,206,3943,4134,-191,7472,7266,49770,45158,3380,3571,862,1340
Wycombe,E07000007,3.1,5359,6892,-1514,836,-2350,20543,13651,89384,87607,9471,11821,2496,3437
Cambridge,E07000008,0.1,129,3350,-3007,-3039,32,12020,8670,128947,133145,38134,38102,6298,5139
East Cambridgeshire,E07000009,6.8,6034,2162,4037,1906,2131,9884,7722,44141,42046,5364,3233,1091,1280
Fenland,E07000010,6.2,6179,-444,6606,1404,5202,10995,11439,49020,47442,8031,2830,1130,1303
Huntingdonshire,E07000011,5.5,9749,4367,5420,4766,653,19665,15297,81250,75950,6558,5904,2257,2790
South Cambridgeshire,E07000012,6.6,10311,4693,5571,3812,1759,17331,12637,96879,92322,7800,6041,2682,3426
Allerdale,E07000026,0.2,146,-3083,3211,2861,350,8460,11543,27400,24412,1687,1338,2252,2379
Barrow-in-Furness,E07000027,-4.6,-3102,-593,-2517,-2639,122,6972,7565,14313,16776,938,816,1080,1256
Carlisle,E07000028,1,1108,81,986,1752,-765,11567,11487,31629,29502,2930,3695,5322,5698
Copeland,E07000029,-4.2,-2904,-1332,-1589,-1449,-140,6625,7956,15992,17250,773,913,1270,1461
Eden,E07000030,0.1,53,-1847,1877,1904,-27,4005,5851,20756,18838,1500,1527,2070,2084
South Lakeland,E07000031,-0.6,-575,-5225,4637,3870,767,7402,12627,43668,39470,4687,3920,3056,3385
Amber Valley,E07000032,3.7,4567,-1315,5849,5514,335,12181,13496,51864,46131,1544,1208,1147,1367
Bolsover,E07000033,4.6,3587,-478,4048,2327,1722,8379,8857,35910,33397,2423,702,598,785
Chesterfield,E07000034,1.7,1730,-625,2290,1633,657,10792,11416,35391,33649,1634,977,794,902
Derbyshire Dales,E07000035,1,706,-3480,4149,3807,341,5240,8720,30784,26575,1257,916,861,1263
Erewash,E07000036,4.7,5402,813,4560,4422,138,12628,11815,50921,46385,1594,1456,1057,1171
High Peak,E07000037,1.7,1529,-200,1705,1400,304,8748,8948,32927,31126,1595,1291,1550,1951
North East Derbyshire,E07000038,2.6,2615,-2380,4973,4481,492,9040,11419,41551,37020,1137,645,662,713
South Derbyshire,E07000039,8.5,8585,1770,6777,6554,223,11207,9437,54839,48111,1489,1266,1221,1395
East Devon,E07000040,10.2,14243,-6993,21198,20154,1044,12057,19050,78530,58384,3425,2381,2660,2653
Exeter,E07000041,8.2,10418,4022,6549,-2197,8746,14608,10587,103659,106691,20641,11895,5152,4318
Mid Devon,E07000042,4.8,3803,9,3789,3008,781,7974,7965,42670,39586,2361,1580,1582,1657
North Devon,E07000043,2,1853,-2328,4165,3578,587,8965,11292,43706,39774,2316,1730,2200,2554
South Hams,E07000044,3.7,3126,-3147,6236,5426,810,6510,9657,50332,45036,2575,1765,2049,1918
Teignbridge,E07000045,8.6,11213,-3522,14688,13858,831,12211,15733,69206,55241,2739,1909,2303,2411
Torridge,E07000046,7.9,5272,-2304,7567,6952,615,6062,8366,38488,31639,1532,917,1448,1345
West Devon,E07000047,3.9,2112,-2269,4363,3749,613,4523,6792,33110,28896,1544,931,1007,1472
Christchurch,E07000048,6.7,3333,-2982,6312,6229,83,3930,6912,32856,26716,1175,1092,678,588
East Dorset,E07000049,4.4,3906,-4796,8689,8225,465,6650,11445,53996,45591,1791,1326,1221,1401
North Dorset,E07000050,3.9,2778,-1637,4405,3810,595,6042,7679,43231,38887,2593,1998,1487,2020
Purbeck,E07000051,3.1,1460,-1599,3055,2780,275,3750,5350,26435,23643,1210,935,669,681
West Dorset,E07000052,4.8,4907,-6045,10925,10162,764,7685,13730,62221,51914,3190,2426,2006,2150
Weymouth and Portland,E07000053,2.7,1790,-1966,3735,3455,281,5982,7948,31045,27540,1715,1434,1180,1230
Eastbourne,E07000061,7.7,7912,-2814,10732,9281,1451,10248,13062,62414,53104,6087,4636,1353,1382
Hastings,E07000062,5.7,5266,744,4491,3199,1292,10835,10091,45603,42141,4300,3008,1062,1326
Lewes,E07000063,7.9,8040,-2053,10048,9690,359,9151,11204,58429,48664,2801,2442,1191,1267
Rother,E07000064,8.2,7704,-6484,14181,13388,793,7214,13699,60371,46617,2589,1795,985,1352
Wealden,E07000065,9.8,15484,-3942,19390,17298,2092,14090,18031,90571,73017,4753,2661,1750,2006
Basildon,E07000066,9.1,16648,8939,7672,5420,2252,24774,15835,81466,75482,4892,2640,1197,1762
Braintree,E07000067,4.9,7457,854,6575,5345,1229,16087,15233,71246,65497,3775,2546,1136,1541
Brentwood,E07000068,7.5,5781,1019,4733,3953,780,9073,8054,44777,40733,2546,1765,767,859
Castle Point,E07000069,4.9,4438,-2270,6704,6189,516,8690,10959,42693,36214,1162,647,448,738
Chelmsford,E07000070,6.2,10883,4310,6527,3829,2698,19390,15080,83416,79260,7824,5126,1629,1956
Colchester,E07000071,11.5,21508,7771,13675,5706,7969,23887,16116,101373,95184,18321,10352,2497,2979
Epping Forest,E07000072,8.1,10510,3303,7153,5596,1557,16385,13082,79056,73012,4973,3416,923,1370
Harlow,E07000073,6.7,5777,5145,607,-2222,2829,12297,7151,36718,38523,5514,2686,566,983
Maldon,E07000074,5.2,3283,-1664,4931,4451,480,5597,7261,32385,27637,1187,707,498,795
Rochford,E07000075,5.8,4995,-582,5566,5210,355,7928,8510,42649,37300,956,601,483,622
Tendring,E07000076,8.7,12504,-7926,20427,19368,1059,13214,21140,70759,51139,2613,1553,1143,1396
Uttlesford,E07000077,11.5,9913,1518,8367,7698,668,9377,7859,53091,45096,2698,2030,1001,1298
Cheltenham,E07000078,3.7,4391,1715,2664,3641,-977,12963,11248,72173,69183,8553,9530,4686,4035
Cotswold,E07000079,6.2,5337,-2214,7193,6936,257,7236,9451,56115,49459,3888,3631,2839,2560
Forest of Dean,E07000080,6.5,5527,-1663,7198,6640,558,8019,9681,36482,30031,1947,1389,7452,7263
Gloucester,E07000081,8.3,10709,6221,4397,1550,2847,17603,11382,59714,58178,7416,4569,3775,3761
Stroud,E07000082,7.4,8714,-1491,10161,9678,483,11420,12912,55984,46301,2675,2191,3487,3493
Tewkesbury,E07000083,10.9,9675,930,8708,7343,1365,10042,9113,54613,47357,3484,2119,2349,2262
Basingstoke and Deane,E07000084,5.3,9374,6733,2567,979,1589,20960,14227,73277,71457,7755,6166,2728,3569
East Hampshire,E07000085,4.7,5593,-1957,7536,6851,685,10704,12661,67613,60242,3598,2913,1800,2321
Eastleigh,E07000086,5.8,7510,3752,3719,3411,308,15019,11267,64479,60392,2703,2395,1493,2169
Fareham,E07000087,5.5,6329,-1546,7853,6983,870,11082,12628,59774,52562,2586,1716,2187,2416
Gosport,E07000088,4.1,3485,443,3037,2859,178,9058,8614,36041,32872,1735,1557,1751,2061
Hart,E07000089,3.1,2958,1659,1254,557,697,9378,7719,53263,52058,3254,2556,1602,2251
Havant,E07000090,4.8,5957,-809,6769,6183,586,12915,13724,57980,51454,2240,1654,1229,1572
New Forest,E07000091,3.6,6507,-7142,13620,11459,2161,14810,21953,80193,68021,5309,3148,2350,3063
Rushmoor,E07000092,1,929,5457,-4560,-5585,1025,12753,7296,53484,58020,5638,4613,1480,2529
Test Valley,E07000093,7.4,9113,1592,7483,6724,759,13567,11975,65179,57999,4156,3398,2161,2617
Winchester,E07000094,6.8,8413,750,7673,6641,1032,12221,11470,92272,85570,6837,5805,2557,2618
Broxbourne,E07000095,5.9,5752,4593,1140,45,1095,12437,7843,49369,49156,3652,2557,569,736
Dacorum,E07000096,7.9,12037,6791,5151,3490,1662,19316,12526,76668,72453,6495,4833,1505,2229
Hertsmere,E07000098,6,6208,3479,2691,1875,816,12917,9437,68182,65913,5629,4813,1083,1477
North Hertfordshire,E07000099,7.4,9847,2749,7019,7587,-568,15704,12955,75765,68016,3577,4144,1615,1777
Three Rivers,E07000102,7.9,7353,1975,5324,5227,98,10397,8423,60549,54914,3023,2925,864,1272
Watford,E07000103,9.2,8882,6753,2054,208,1846,14370,7618,65085,64682,8766,6920,1352,1547
Ashford,E07000105,10,12549,3730,8698,6990,1707,15107,11378,62781,55851,5067,3360,1520,1460
Canterbury,E07000106,8.7,14205,-1316,15786,5026,10761,14687,16002,129087,123263,20796,10036,3046,3844
Dartford,E07000107,12.8,13494,6039,7397,5717,1680,15397,9358,65261,59167,4395,2715,740,1117
Dover,E07000108,5.1,5896,-2070,7935,6720,1215,11098,13167,48316,41336,4167,2952,1456,1717
Gravesham,E07000109,7.4,7828,4493,3323,1406,1917,13706,9213,48969,47112,6056,4139,802,1253
Maidstone,E07000110,9.8,16264,4016,12204,8124,4080,19803,15786,86194,77744,10930,6850,1744,2070
Sevenoaks,E07000111,5.9,7027,1555,5417,4429,988,12751,11196,71315,66249,4223,3236,1039,1676
Shepway,E07000112,5.9,6501,-2756,9209,8266,944,10314,13070,53513,44799,3298,2354,1367,1815
Swale,E07000113,10.5,15216,3305,11874,7588,4286,17206,13900,62527,54605,7015,2729,1160,1494
Thanet,E07000114,9.2,12950,-1591,14549,11817,2732,15502,17093,61526,48972,6514,3782,1419,2156
Tonbridge and Malling,E07000115,7.9,10061,3915,6115,5292,823,14409,10494,77334,71557,3919,3096,1072,1557
Tunbridge Wells,E07000116,3.2,3758,1087,2562,1278,1284,11812,10726,66446,64921,6011,4727,1385,1632
Burnley,E07000117,0.2,151,1539,-1386,-1836,450,10670,9131,32371,34031,2337,1887,1113,1290
Chorley,E07000118,9.2,10559,1315,9201,8687,513,12549,11235,51702,42704,2092,1579,1606,1916
Fylde,E07000119,4.2,3276,-4686,7937,7671,265,6065,10751,44345,36600,1854,1589,1939,2012
Hyndburn,E07000120,-1.5,-1171,1491,-2664,-3032,368,9892,8401,29551,32306,1773,1405,943,1219
Lancaster,E07000121,2.2,3111,-354,3645,-4283,7928,14490,14844,74018,77998,17843,9914,4643,4946
Pendle,E07000122,0.4,341,2917,-2656,-5531,2875,11506,8590,28869,33932,5033,2158,955,1423
Preston,E07000123,-0.4,-524,5817,-6270,-7908,1639,17697,11880,77481,84966,12050,10411,3578,4002
Ribble Valley,E07000124,2.8,1647,-1962,3600,3482,118,4534,6496,29473,25662,1265,1148,743,1072
Rossendale,E07000125,3.5,2454,782,1654,1609,46,7597,6815,30889,28866,907,861,938,1353
South Ribble,E07000126,1.5,1658,1183,408,363,46,11605,10423,46238,45591,1907,1862,1223,1508
West Lancashire,E07000127,1.6,1828,-1583,3480,2048,1432,10891,12474,53753,51757,4091,2659,2322,2270
Wyre,E07000128,3.4,3751,-5267,9012,8254,758,9510,14777,59006,50800,2183,1425,2119,2072
Blaby,E07000129,7.3,7141,2153,4957,4638,319,11109,8956,53762,48952,1739,1420,814,986
Charnwood,E07000130,9.9,17577,4429,13370,7103,6267,19480,15051,113680,107153,13864,7598,3909,3333
Harborough,E07000131,8.4,7560,-422,7963,7493,471,8577,8999,49242,41376,1905,1434,1041,1414
Hinckley and Bosworth,E07000132,7.4,8101,752,7318,7093,225,11367,10615,50886,43582,2308,2083,1279,1490
Melton,E07000133,1.9,952,-86,1011,1025,-14,4910,4996,22641,21388,1125,1140,541,769
North West Leicestershire,E07000134,8.2,8091,1001,7052,6391,661,10459,9458,46760,40166,1839,1178,1126,1329
Oadby and Wigston,E07000135,1.1,624,-706,1384,518,866,5486,6191,47207,47044,2346,1480,1024,668
Boston,E07000136,4.7,3191,322,2845,-7200,10045,7706,7385,22207,29156,12464,2419,570,822
East Lindsey,E07000137,3.1,4266,-7942,12189,10509,1681,11408,19350,71164,60672,3190,1510,2134,2117
Lincoln,E07000138,2.9,2785,3424,-494,-4135,3641,11971,8547,82861,86854,8756,5115,1480,1622
North Kesteven,E07000139,6.3,7104,-387,7454,6767,687,11323,11709,62279,55396,2162,1475,1987,2104
South Holland,E07000140,6.8,6303,-1693,7970,2418,5552,9244,10938,38514,35868,7726,2175,795,1023
South Kesteven,E07000141,7.6,10721,-866,11549,9693,1856,13851,14717,69746,60085,4896,3040,1939,1907
West Lindsey,E07000142,7.3,6851,-1348,8187,7341,846,8966,10314,54250,47005,1760,914,1498,1403
Breckland,E07000143,7.8,10746,-2496,13355,9186,4169,14120,16616,67171,57938,7193,3024,1681,1729
Broadland,E07000144,4.5,5700,-3939,9613,8974,640,11398,15337,66227,57357,1921,1281,1117,1014
Great Yarmouth,E07000145,2.6,2588,-1897,4480,1474,3007,9969,11866,36463,34847,4887,1880,995,1137
King's Lynn and West Norfolk,E07000146,4.8,7217,-2087,9468,7294,2174,15417,17504,59716,52321,6506,4331,1732,1834
North Norfolk,E07000147,4.2,4344,-6917,11254,9231,2024,7731,14649,49724,40500,3620,1596,1141,1134
Norwich,E07000148,5.4,7490,7583,-23,-10961,10938,17896,10312,107735,118397,22468,11530,2786,3085
South Norfolk,E07000149,10.7,14257,-265,14493,13896,597,13675,13940,79516,65558,2867,2270,1457,1520
Corby,E07000150,15.6,10672,3458,7190,2903,4288,9407,5949,25965,22772,6221,1934,1310,1600
Daventry,E07000151,5.8,4728,-153,4863,4070,793,7830,7982,44278,39824,2846,2053,1019,1402
East Northamptonshire,E07000152,7.7,7057,-45,7084,6252,831,9059,9104,49179,42663,2949,2118,1010,1274
Kettering,E07000153,8.4,8310,2832,5456,3678,1778,12041,9208,44932,41059,4285,2507,1197,1392
Northampton,E07000154,7.8,17442,12780,4670,-9497,14167,30822,18042,98599,107302,26893,12726,2833,3626
South Northamptonshire,E07000155,7.8,7014,570,6445,5798,647,8688,8118,54533,48332,2269,1622,1259,1662
Wellingborough,E07000156,5.8,4521,2028,2484,-394,2878,9189,7161,36887,37117,5375,2497,813,976
Craven,E07000163,2.3,1281,-2363,3579,3459,120,4455,6818,27188,23586,1465,1344,1127,1270
Hambleton,E07000164,1.1,1033,-2020,3022,2695,327,7864,9885,39450,36617,2225,1898,1674,1811
Harrogate,E07000165,1.3,2000,-3294,4357,4070,287,13957,17252,65355,60941,6974,6687,3203,3547
Richmondshire,E07000166,-3,-1594,-148,-1459,-1427,-32,4877,5025,25457,26631,2154,2186,1903,2157
Ryedale,E07000167,5.8,3123,-1631,4737,4342,395,4801,6432,26853,22612,1659,1264,1122,1021
Scarborough,E07000168,0.2,195,-4627,4755,4189,566,9252,13879,43370,39069,3313,2747,1812,1923
Selby,E07000169,6.6,5770,990,4703,3645,1057,9373,8383,41557,37815,2388,1330,1181,1278
Ashfield,E07000170,6.9,8607,1731,6834,5870,964,14703,12972,56285,50380,2227,1263,1025,1061
Bassetlaw,E07000171,3.1,3554,-1189,4721,2732,1988,11620,12809,41967,39140,3640,1652,1172,1267
Broxtowe,E07000172,5.1,5679,1261,4363,2684,1678,12526,11265,71277,68157,5588,3910,1534,1970
Gedling,E07000173,6.2,7275,1181,6008,5933,75,12997,11817,63209,57107,1802,1727,818,987
Mansfield,E07000174,5,5414,1461,3865,184,3681,12557,11096,42956,42711,5727,2046,847,907
Newark and Sherwood,E07000175,7.1,8512,-360,8803,7202,1601,12483,12843,60091,52837,3779,2178,1397,1449
Rushcliffe,E07000176,6.9,7896,148,7717,6972,746,11158,11010,71427,64531,3030,2284,1874,1799
Cherwell,E07000177,4.1,6009,4083,1696,-437,2133,17186,13103,70213,69680,8793,6660,2583,3554
Oxford,E07000178,0,-13,7645,-7458,-20154,12696,16919,9274,142677,163449,48587,35891,6944,6326
South Oxfordshire,E07000179,4.5,6282,1943,4296,3572,724,14937,12993,79324,74738,5920,5196,2424,3439
Vale of White Horse,E07000180,7.1,9175,2571,6526,4242,2284,14184,11613,75125,70417,7066,4782,3288,3754
West Oxfordshire,E07000181,3,3288,280,2909,2071,837,11454,11174,49446,46986,4090,3253,2243,2631
Mendip,E07000187,6.3,7179,-780,7928,6765,1163,11240,12020,60373,53610,4217,3054,3091,3089
Sedgemoor,E07000188,9,10876,-27,10896,8897,1999,12810,12837,56551,47333,4556,2557,2686,3007
South Somerset,E07000189,4.5,7447,-1972,9340,7965,1375,16161,18133,74153,65931,5808,4433,3475,3732
Taunton Deane,E07000190,8.1,9355,-1670,10959,9485,1474,12096,13766,58686,49131,4977,3503,2829,2900
West Somerset,E07000191,1.3,444,-2791,3234,2946,288,2416,5207,20011,17020,1216,927,951,996
Cannock Chase,E07000192,1,989,554,391,-181,572,10210,9656,34391,34120,1330,758,952,1405
East Staffordshire,E07000193,3.7,4366,2198,2142,-1235,3377,13700,11502,42499,43651,6590,3214,1423,1505
Lichfield,E07000194,2.3,2334,-2461,4768,4032,736,9033,11494,48756,44181,2233,1497,1229,1772
Newcastle-under-Lyme,E07000195,4.6,5918,-396,6316,2648,3668,12913,13309,65337,62709,6456,2788,2431,2411
South Staffordshire,E07000196,2.4,2647,-3285,5908,5624,284,9366,12650,52604,46514,1162,878,1278,1744
Stafford,E07000197,3,3944,-1220,5103,3887,1215,12240,13460,55043,50662,5198,3983,2310,2804
Staffordshire Moorlands,E07000198,1.5,1447,-3268,4703,4441,262,8151,11419,37802,33104,1038,776,1108,1365
Tamworth,E07000199,-0.6,-484,1620,-2115,-2993,878,8416,6795,25535,28190,1884,1007,731,1069
Babergh,E07000200,4.6,4185,-2793,6962,6360,602,7766,10558,49212,42804,2199,1597,893,941
Forest Heath,E07000201,9.6,6059,4399,2958,4145,-1187,10098,5699,34593,30509,3582,4769,727,667
Ipswich,E07000202,5.2,7238,6658,449,-3070,3519,18449,11792,61709,64577,10239,6720,1271,1474
Mid Suffolk,E07000203,5.9,5918,-1580,7453,6960,493,8883,10463,53710,46628,1860,1368,1098,1221
St Edmundsbury,E07000204,3,3362,-52,3615,3422,193,11276,11327,52508,48966,3993,3800,1341,1460
Suffolk Coastal,E07000205,4.4,5683,-5077,10739,9464,1275,10091,15168,61235,51739,3804,2529,1594,1626
Waveney,E07000206,4,4730,-3374,8094,7036,1059,11329,14703,44844,37717,2583,1525,1250,1342
Elmbridge,E07000207,4.9,6674,5297,1332,1198,134,16466,11170,82385,80680,8453,8319,1792,2299
Epsom and Ewell,E07000208,8.4,6614,3037,3569,3212,357,9401,6364,53171,49872,4021,3665,1137,1224
Guildford,E07000209,5.7,8432,4937,3544,-7292,10836,15998,11061,102632,109683,26405,15569,3009,3250
Mole Valley,E07000210,3.2,2821,-1289,4060,4389,-330,7832,9121,50307,45635,3363,3692,1265,1547
Reigate and Banstead,E07000211,8,11684,3808,7794,6686,1108,17898,14090,83321,76432,6271,5163,1883,2086
Runnymede,E07000212,7.7,6684,3258,3477,-1341,4817,10490,7232,65058,66256,11902,7085,1675,1817
Spelthorne,E07000213,5.2,5175,3131,2016,1017,1000,12298,9167,52301,50753,4806,3806,1081,1612
Surrey Heath,E07000214,2.8,2528,444,2056,1831,225,9061,8616,52435,50332,3739,3514,1472,1744
Tandridge,E07000215,7.1,6167,490,5650,5040,610,9338,8849,55239,49832,2684,2074,920,1287
Waverley,E07000216,3.2,4010,-94,4097,2788,1309,12203,12297,79502,76099,6129,4820,1861,2476
Woking,E07000217,2.7,2699,4017,-1468,-1723,255,12195,8177,55262,56927,6725,6470,1691,1750
North Warwickshire,E07000218,3.1,1972,-1108,3062,2673,389,6308,7416,31807,28914,1040,651,723,943
Nuneaton and Bedworth,E07000219,4.2,5316,2538,2723,2445,278,15184,12647,48269,45313,3070,2791,1217,1729
Rugby,E07000220,6.9,7273,2237,4989,2046,2943,12079,9842,45324,42730,7204,4260,1554,2103
Stratford-on-Avon,E07000221,3,3700,-3542,7187,5080,2107,10639,14182,61721,56132,6197,4090,2189,2698
Warwick,E07000222,2.9,4009,3163,820,716,103,15034,11871,79521,78406,10207,10104,2505,2904
Adur,E07000223,7.9,5048,-172,5190,4629,561,6963,7134,37209,32265,1681,1120,511,826
Arun,E07000224,9.6,15099,-6657,21743,18662,3082,15046,21703,77971,59065,7736,4654,1822,2065
Chichester,E07000225,7.1,8506,-4167,12700,10255,2445,10468,14635,78659,68122,7034,4589,1804,2087
Crawley,E07000226,5.5,6086,7682,-1656,-6806,5150,14979,7297,42067,48458,11072,5922,1318,1732
Horsham,E07000227,7.7,10704,-1099,11758,9913,1845,12984,14084,72029,61720,4921,3076,1896,2292
Mid Sussex,E07000228,8.7,12851,1413,11377,9723,1655,15676,14263,77078,67063,6317,4663,1739,2031
Worthing,E07000229,8.1,8823,-2431,11226,10298,927,11087,13517,59020,48586,4060,3133,1292,1428
Bromsgrove,E07000234,6.4,6196,-1995,8163,7662,502,9526,11521,52159,44221,1569,1068,1317,1594
Malvern Hills,E07000235,5,3807,-4627,8425,7105,1320,5940,10567,44247,37040,2924,1604,2239,2341
Redditch,E07000236,0.5,458,2930,-2521,-4403,1881,10004,7075,26256,30221,4118,2237,1046,1483
Worcester,E07000237,4.4,4482,4240,249,-997,1246,12850,8610,54119,55100,6514,5268,2823,2839
Wychavon,E07000238,8,9795,-1792,11562,8251,3311,11273,13065,60354,51944,6126,2815,2360,2520
Wyre Forest,E07000239,3.2,3155,-1262,4371,4012,359,10250,11512,35267,30867,1519,1160,1657,2046
St Albans,E07000240,6.2,9166,7167,1863,1375,488,18480,11312,83429,81629,6577,6089,2082,2506
Welwyn Hatfield,E07000241,10.7,12890,5043,7941,-1426,9367,14903,9861,89788,90908,17632,8265,1711,2017
East Hertfordshire,E07000242,9.1,13352,4705,8561,5391,3171,16485,11780,82899,77073,6618,3447,1701,2136
Stevenage,E07000243,6.2,5372,3682,1634,216,1418,11569,7886,40837,40291,3385,1967,817,1146
Bolton,E08000001,3.4,9711,10596,-882,-6779,5897,36269,25672,83327,89073,16686,10789,3450,4483
Bury,E08000002,3,5693,4855,802,-811,1613,23384,18528,71706,71818,7761,6148,2408,3107
Manchester,E08000003,8.1,44038,49386,-5054,-40155,35101,83487,34101,348521,391296,118696,83596,22150,19530
Oldham,E08000004,4.9,11449,11087,383,-7121,7504,32143,21055,65043,71600,13465,5961,2785,3349
Rochdale,E08000005,3.4,7379,8216,-853,-5223,4370,28122,19906,65960,69836,10991,6620,2466,3813
Salford,E08000006,8.7,21514,14362,7084,-3947,11031,35995,21633,124046,128282,27804,16773,6298,6010
Stockport,E08000007,4.9,14085,6619,7384,8219,-835,34520,27900,109372,99636,6948,7783,4280,5797
Tameside,E08000008,2.8,6354,5548,744,-206,950,28025,22477,70243,69143,6156,5205,2676,3982
Trafford,E08000009,6.3,14833,7336,7421,7397,24,27262,19926,106531,97920,9285,9261,4044,5259
Wigan,E08000010,2.2,7032,1701,5266,1067,4199,34390,32688,78085,76301,9612,5414,3730,4447
Knowsley,E08000011,3.1,4560,3564,925,493,432,18834,15270,57001,55910,1770,1338,1737,2334
Liverpool,E08000012,6.3,30717,18653,12127,-15478,27605,62079,43426,202983,222401,65285,37679,23673,19734
St. Helens,E08000013,2.7,4837,139,4590,4164,427,19483,19345,49403,44903,2861,2434,2479,2816
Sefton,E08000014,1.5,4227,-5486,9609,8671,938,27367,32854,85062,75822,6341,5403,4016,4586
Wirral,E08000015,1.3,4153,-2601,6615,6573,42,33720,36321,71274,63919,5829,5788,8419,9201
Barnsley,E08000016,6.9,16570,2612,13879,8011,5868,27471,24859,68850,60708,9214,3346,2036,2166
Doncaster,E08000017,1.9,5804,2335,3353,-3365,6718,33481,31146,75814,79171,13427,6709,3171,3180
Rotherham,E08000018,3,7847,2794,4997,1859,3138,29881,27087,74341,72133,6817,3679,2048,2396
Sheffield,E08000019,5.4,30951,20970,10169,-19543,29712,69445,48475,230469,249352,64233,34521,8335,8995
Newcastle upon Tyne,E08000021,4.2,12289,10020,2366,-13343,15709,34549,24529,179347,192792,48298,32589,12524,12423
North Tyneside,E08000022,2.7,5536,-223,5632,5179,453,21564,21786,72445,66457,4677,4224,3220,4029
South Tyneside,E08000023,1.2,1790,-1046,2816,1710,1106,15489,16536,33862,31631,3299,2193,1724,2246
Sunderland,E08000024,0.6,1776,-1321,3091,-4275,7366,28518,29839,64062,67977,13786,6420,2924,3284
Birmingham,E08000025,7.2,81388,94516,-12762,-59923,47161,177024,82507,415610,475209,126611,79450,18460,18784
Coventry,E08000026,14.9,52507,25941,26350,-22065,48415,52875,26934,164097,185934,77083,28668,6124,6352
Dudley,E08000027,2.5,8086,5119,2894,635,2259,36713,31594,92672,91083,6302,4043,2787,3741
Sandwell,E08000028,7,22705,18075,4625,-9452,14077,46229,28154,129732,137815,22188,8110,2611,3980
Solihull,E08000029,5.3,11203,2659,8464,7259,1205,22868,20209,98581,90787,4778,3573,2512,3048
Walsall,E08000030,5.7,16028,10543,5445,920,4526,37142,26598,97368,95563,9592,5066,2966,3852
Wolverhampton,E08000031,5,12923,8869,3994,-6952,10945,33615,24746,93285,99151,23731,12786,3460,4545
Bradford,E08000032,2,10509,29579,-19230,-29415,10185,73807,44228,138704,166123,34107,23922,5127,7123
Calderdale,E08000033,3.5,7229,4282,2821,824,1997,24076,19794,67390,65642,6260,4263,2255,3178
Kirklees,E08000034,4.3,18540,14009,4449,-3673,8122,53073,39064,129501,132066,23243,15121,4333,5441
Leeds,E08000035,5.3,41245,37454,4006,-7800,11807,102563,65109,366550,373466,69403,57597,14487,15370
Wakefield,E08000036,5.1,17262,5071,12033,5363,6670,38722,33651,95682,90041,12515,5845,2908,3186
Gateshead,E08000037,2.1,4305,624,3233,1255,1978,22339,21716,71352,69979,7241,5263,3436,3554
City of London,E09000001,-13.1,-946,-176,-790,706,-1496,493,669,8082,7405,6808,8305,205,176
Barking and Dagenham,E09000002,15.4,32115,26234,5878,-16642,22520,38388,12154,132327,148243,30135,7615,1432,2157
Barnet,E09000003,10.5,40339,26588,13466,-20962,34429,51860,25273,219357,239960,66134,31706,4535,4895
Bexley,E09000004,10.2,25064,12793,12222,6317,5905,32698,19905,125635,118634,10306,4401,1417,2100
Brent,E09000005,4.5,14560,28119,-13683,-57161,43478,46432,18313,175889,232995,89909,46431,3813,3867
Bromley,E09000006,10.4,34120,16781,17189,11771,5418,42858,26077,181611,168738,14440,9022,3071,4174
Camden,E09000007,12.4,30993,15435,15353,-35084,50437,27969,12533,202380,239322,110105,59668,6874,5015
Croydon,E09000008,8,30676,30480,107,-16756,16863,55795,25315,203937,218791,36188,19325,3303,5205
Ealing,E09000009,2.1,7126,27420,-20444,-42053,21609,47497,20077,201362,242606,70583,48975,5273,6081
Enfield,E09000010,8.9,29485,27211,2218,-21645,23863,48389,21178,173351,193997,37085,13222,2415,3414
Greenwich,E09000011,12.7,35571,30333,5110,-15514,20625,46486,16152,185297,200583,39697,19072,4249,4478
Hackney,E09000012,13.3,36234,34899,983,-16172,17155,46626,11727,195440,212295,45191,28036,4757,4073
Hammersmith and Fulham,E09000013,0.1,252,12500,-12423,-17558,5135,21984,9484,156796,175544,48452,43317,5237,4047
Haringey,E09000014,8.2,22424,27806,-5594,-37759,32164,40382,12576,207661,244846,67232,35067,4116,4690
Harrow,E09000015,4,9900,17269,-7482,-26645,19162,32878,15609,136289,162278,38053,18891,2389,3045
Havering,E09000016,12.4,31526,11161,20312,15189,5122,34311,23150,123943,108197,10190,5068,1296,1853
Hillingdon,E09000017,11.2,33554,24356,9207,-16707,25915,43912,19556,167674,183730,46731,20816,3873,4524
Hounslow,E09000018,6,16167,24482,-8441,-32357,23916,39806,15324,151965,183873,48417,24500,4390,4840
Islington,E09000019,11,25433,19671,5487,-31311,36798,30831,11160,199958,233222,72808,36009,6585,4632
Kensington and Chelsea,E09000020,-1.1,-1683,6577,-8353,-9683,1330,15592,9015,105130,115665,41196,39867,3052,2199
Kingston upon Thames,E09000021,11.3,19609,11977,7583,-5145,12728,23008,11031,124015,129147,29384,16656,3292,3306
Lambeth,E09000022,5.5,17682,32643,-15523,-28829,13306,47399,14757,300706,333084,62972,49665,9905,6355
Lewisham,E09000023,11.2,33582,34887,-1569,-19795,18226,50248,15361,223542,242636,43787,25561,4969,5670
Merton,E09000024,5.3,11031,19557,-8690,-13775,5085,32091,12534,151263,165044,30283,25197,3571,3566
Newham,E09000025,10.4,35888,46677,-11099,-94636,83537,61032,14355,189216,282747,117694,34157,3717,4822
Redbridge,E09000026,10.7,32270,28684,3473,-26021,29495,46690,18007,185924,210392,45925,16430,2355,3908
Richmond upon Thames,E09000027,7.3,14231,12634,1483,1633,-149,25250,12616,135755,133859,16549,16698,4155,4418
Southwark,E09000028,9.1,28295,34905,-6882,-35360,28478,48814,13909,254802,291517,74362,45883,7331,5976
Sutton,E09000029,9.1,18463,11277,7102,4743,2359,26429,15153,109800,104568,9400,7041,1984,2473
Tower Hamlets,E09000030,17.8,53568,36368,16919,-40147,57066,48300,11932,215712,257855,106210,49144,6809,4814
Waltham Forest,E09000031,7.5,20685,30801,-10271,-46777,36506,45629,14828,154267,199726,62796,26291,2367,3685
Wandsworth,E09000032,5.1,16433,37215,-21235,-24268,3033,52870,15656,296115,324513,56800,53768,11413,7284
Westminster,E09000033,7.9,19126,13145,5811,-48174,53985,25594,12449,170362,219761,127606,73621,5309,4084