AREACD,AREANM,Persons,Males,Females,region,country,Region_persons,Region_males,Region_females,Country_persons,Country_males,Country_females
E06000047,County Durham,1099.2,1256.3,970.7,NORTH EAST,ENGLAND,1093.4,1261.9,955.5,957.2,1111,831.4
E06000005,Darlington,1045.3,1124.9,969.6,NORTH EAST,ENGLAND,1093.4,1261.9,955.5,957.2,1111,831.4
E06000001,Hartlepool,1113,1216.8,1018.5,NORTH EAST,ENGLAND,1093.4,1261.9,955.5,957.2,1111,831.4
E06000002,Middlesbrough,1246.3,1496.2,1047.3,NORTH EAST,ENGLAND,1093.4,1261.9,955.5,957.2,1111,831.4
E06000057,Northumberland,996.8,1131.3,883.4,NORTH EAST,ENGLAND,1093.4,1261.9,955.5,957.2,1111,831.4
E06000003,Redcar and Cleveland,1069.1,1225.9,935.8,NORTH EAST,ENGLAND,1093.4,1261.9,955.5,957.2,1111,831.4
E06000004,Stockton-on-Tees,1094.1,1256.6,959.9,NORTH EAST,ENGLAND,1093.4,1261.9,955.5,957.2,1111,831.4
E11000007,Tyne and Wear (Met County),1114.9,1312,958.4,NORTH EAST,ENGLAND,1093.4,1261.9,955.5,957.2,1111,831.4
E08000037,Gateshead,1094.1,1286.8,939.9,NORTH EAST,ENGLAND,1093.4,1261.9,955.5,957.2,1111,831.4
E08000021,Newcastle upon Tyne,1089.3,1253.9,939.6,NORTH EAST,ENGLAND,1093.4,1261.9,955.5,957.2,1111,831.4
E08000022,North Tyneside,1050.9,1225.8,916.4,NORTH EAST,ENGLAND,1093.4,1261.9,955.5,957.2,1111,831.4
E08000023,South Tyneside,1214.1,1480.2,1013.8,NORTH EAST,ENGLAND,1093.4,1261.9,955.5,957.2,1111,831.4
E08000024,Sunderland,1161.5,1387.9,998.4,NORTH EAST,ENGLAND,1093.4,1261.9,955.5,957.2,1111,831.4
E06000008,Blackburn with Darwen,1189.6,1358.2,1059.6,NORTH WEST ,ENGLAND,1053.1,1208.9,923.7,957.2,1111,831.4
E06000009,Blackpool,1322.5,1553.1,1134.2,NORTH WEST ,ENGLAND,1053.1,1208.9,923.7,957.2,1111,831.4
E06000049,Cheshire East,914.9,1062,786.8,NORTH WEST ,ENGLAND,1053.1,1208.9,923.7,957.2,1111,831.4
E06000050,Cheshire West and Chester,936.1,1046.9,841.3,NORTH WEST ,ENGLAND,1053.1,1208.9,923.7,957.2,1111,831.4
E06000006,Halton,1165.9,1352,1008.4,NORTH WEST ,ENGLAND,1053.1,1208.9,923.7,957.2,1111,831.4
E06000007,Warrington,1035.3,1204.6,893.5,NORTH WEST ,ENGLAND,1053.1,1208.9,923.7,957.2,1111,831.4
E07000026,Allerdale,921.8,1086,793.9,NORTH WEST ,ENGLAND,1053.1,1208.9,923.7,957.2,1111,831.4
E07000027,Barrow-in-Furness,1123.9,1236.3,1014.9,NORTH WEST ,ENGLAND,1053.1,1208.9,923.7,957.2,1111,831.4
E07000028,Carlisle,1008.7,1176.2,880.6,NORTH WEST ,ENGLAND,1053.1,1208.9,923.7,957.2,1111,831.4
E07000029,Copeland,1048.9,1242,899.1,NORTH WEST ,ENGLAND,1053.1,1208.9,923.7,957.2,1111,831.4
E07000030,Eden,720.3,896.1,601.8,NORTH WEST ,ENGLAND,1053.1,1208.9,923.7,957.2,1111,831.4
E07000031,South Lakeland,833.8,953.2,738.9,NORTH WEST ,ENGLAND,1053.1,1208.9,923.7,957.2,1111,831.4
E11000001,Greater Manchester (Met County),1078.3,1219.2,954.2,NORTH WEST ,ENGLAND,1053.1,1208.9,923.7,957.2,1111,831.4
E08000001,Bolton,1091.3,1232,971.5,NORTH WEST ,ENGLAND,1053.1,1208.9,923.7,957.2,1111,831.4
E08000002,Bury,1012.3,1143.7,894.3,NORTH WEST ,ENGLAND,1053.1,1208.9,923.7,957.2,1111,831.4
E08000003,Manchester,1202.2,1420.6,1038,NORTH WEST ,ENGLAND,1053.1,1208.9,923.7,957.2,1111,831.4
E08000004,Oldham,1079.6,1180.5,974.3,NORTH WEST ,ENGLAND,1053.1,1208.9,923.7,957.2,1111,831.4
E08000005,Rochdale,1099.7,1251.2,960.4,NORTH WEST ,ENGLAND,1053.1,1208.9,923.7,957.2,1111,831.4
E08000006,Salford,1150.8,1274.6,1044,NORTH WEST ,ENGLAND,1053.1,1208.9,923.7,957.2,1111,831.4
E08000007,Stockport,923.1,1063.2,806.5,NORTH WEST ,ENGLAND,1053.1,1208.9,923.7,957.2,1111,831.4
E08000008,Tameside,1280.7,1400.8,1161.7,NORTH WEST ,ENGLAND,1053.1,1208.9,923.7,957.2,1111,831.4
E08000009,Trafford,862.1,1017.3,737.2,NORTH WEST ,ENGLAND,1053.1,1208.9,923.7,957.2,1111,831.4
E08000010,Wigan,1136.3,1239.3,1028.4,NORTH WEST ,ENGLAND,1053.1,1208.9,923.7,957.2,1111,831.4
E07000117,Burnley,1159.5,1412,969.7,NORTH WEST ,ENGLAND,1053.1,1208.9,923.7,957.2,1111,831.4
E07000118,Chorley,1050.5,1203,934.7,NORTH WEST ,ENGLAND,1053.1,1208.9,923.7,957.2,1111,831.4
E07000119,Fylde,979.2,1134.2,863.5,NORTH WEST ,ENGLAND,1053.1,1208.9,923.7,957.2,1111,831.4
E07000120,Hyndburn,1203.7,1363.8,1052.1,NORTH WEST ,ENGLAND,1053.1,1208.9,923.7,957.2,1111,831.4
E07000121,Lancaster,1022.6,1213.5,866.9,NORTH WEST ,ENGLAND,1053.1,1208.9,923.7,957.2,1111,831.4
E07000122,Pendle,1079.4,1242.7,954.2,NORTH WEST ,ENGLAND,1053.1,1208.9,923.7,957.2,1111,831.4
E07000123,Preston,1139.7,1304.7,1000.5,NORTH WEST ,ENGLAND,1053.1,1208.9,923.7,957.2,1111,831.4
E07000124,Ribble Valley,865.6,1027.7,744.3,NORTH WEST ,ENGLAND,1053.1,1208.9,923.7,957.2,1111,831.4
E07000125,Rossendale,1116.3,1197,1015.8,NORTH WEST ,ENGLAND,1053.1,1208.9,923.7,957.2,1111,831.4
E07000126,South Ribble,925.7,1072.6,809.6,NORTH WEST ,ENGLAND,1053.1,1208.9,923.7,957.2,1111,831.4
E07000127,West Lancashire,1040.9,1180.4,931.4,NORTH WEST ,ENGLAND,1053.1,1208.9,923.7,957.2,1111,831.4
E07000128,Wyre,1032.3,1239,871.1,NORTH WEST ,ENGLAND,1053.1,1208.9,923.7,957.2,1111,831.4
E11000002,Merseyside (Met County),1104.9,1282,967.5,NORTH WEST ,ENGLAND,1053.1,1208.9,923.7,957.2,1111,831.4
E08000011,Knowsley,1200.7,1334,1095.4,NORTH WEST ,ENGLAND,1053.1,1208.9,923.7,957.2,1111,831.4
E08000012,Liverpool,1217.2,1418,1058,NORTH WEST ,ENGLAND,1053.1,1208.9,923.7,957.2,1111,831.4
E08000014,Sefton,978.2,1145.7,857.4,NORTH WEST ,ENGLAND,1053.1,1208.9,923.7,957.2,1111,831.4
E08000013,St. Helens,1115.8,1263.4,997.6,NORTH WEST ,ENGLAND,1053.1,1208.9,923.7,957.2,1111,831.4
E08000015,Wirral,1062.2,1251.3,912.4,NORTH WEST ,ENGLAND,1053.1,1208.9,923.7,957.2,1111,831.4
E06000011,East Riding of Yorkshire,936.8,1104.2,813.9,YORKSHIRE AND THE HUMBER,ENGLAND,1031.3,1198.9,898.3,957.2,1111,831.4
E06000010,"Kingston upon Hull, City of",1274.2,1459.5,1118.8,YORKSHIRE AND THE HUMBER,ENGLAND,1031.3,1198.9,898.3,957.2,1111,831.4
E06000012,North East Lincolnshire,1027.8,1210.2,873.1,YORKSHIRE AND THE HUMBER,ENGLAND,1031.3,1198.9,898.3,957.2,1111,831.4
E06000013,North Lincolnshire,1030.2,1227.2,889.4,YORKSHIRE AND THE HUMBER,ENGLAND,1031.3,1198.9,898.3,957.2,1111,831.4
E06000014,York,934.4,1101.1,809.9,YORKSHIRE AND THE HUMBER,ENGLAND,1031.3,1198.9,898.3,957.2,1111,831.4
E07000163,Craven,820.5,958.9,723,YORKSHIRE AND THE HUMBER,ENGLAND,1031.3,1198.9,898.3,957.2,1111,831.4
E07000164,Hambleton,826.3,951.4,735.9,YORKSHIRE AND THE HUMBER,ENGLAND,1031.3,1198.9,898.3,957.2,1111,831.4
E07000165,Harrogate,859.6,1046.5,722.3,YORKSHIRE AND THE HUMBER,ENGLAND,1031.3,1198.9,898.3,957.2,1111,831.4
E07000166,Richmondshire,924.3,987.2,891.7,YORKSHIRE AND THE HUMBER,ENGLAND,1031.3,1198.9,898.3,957.2,1111,831.4
E07000167,Ryedale,787.2,927.2,691.4,YORKSHIRE AND THE HUMBER,ENGLAND,1031.3,1198.9,898.3,957.2,1111,831.4
E07000168,Scarborough,1020.9,1237.2,841.9,YORKSHIRE AND THE HUMBER,ENGLAND,1031.3,1198.9,898.3,957.2,1111,831.4
E07000169,Selby,979.5,1206,829.4,YORKSHIRE AND THE HUMBER,ENGLAND,1031.3,1198.9,898.3,957.2,1111,831.4
E11000003,South Yorkshire (Met County),1068.1,1229.7,935.4,YORKSHIRE AND THE HUMBER,ENGLAND,1031.3,1198.9,898.3,957.2,1111,831.4
E08000016,Barnsley,1121.5,1307.2,979.3,YORKSHIRE AND THE HUMBER,ENGLAND,1031.3,1198.9,898.3,957.2,1111,831.4
E08000017,Doncaster,1090.6,1270.2,950.6,YORKSHIRE AND THE HUMBER,ENGLAND,1031.3,1198.9,898.3,957.2,1111,831.4
E08000018,Rotherham,1057.6,1252.8,908.2,YORKSHIRE AND THE HUMBER,ENGLAND,1031.3,1198.9,898.3,957.2,1111,831.4
E08000019,Sheffield,1034.7,1166.2,920.4,YORKSHIRE AND THE HUMBER,ENGLAND,1031.3,1198.9,898.3,957.2,1111,831.4
E11000006,West Yorkshire (Met County),1067.2,1233.7,932.4,YORKSHIRE AND THE HUMBER,ENGLAND,1031.3,1198.9,898.3,957.2,1111,831.4
E08000032,Bradford,1077.2,1262.2,928.1,YORKSHIRE AND THE HUMBER,ENGLAND,1031.3,1198.9,898.3,957.2,1111,831.4
E08000033,Calderdale,1029.2,1232.5,874.5,YORKSHIRE AND THE HUMBER,ENGLAND,1031.3,1198.9,898.3,957.2,1111,831.4
E08000034,Kirklees,1031.1,1194.2,896,YORKSHIRE AND THE HUMBER,ENGLAND,1031.3,1198.9,898.3,957.2,1111,831.4
E08000035,Leeds,1094.3,1256.7,966.1,YORKSHIRE AND THE HUMBER,ENGLAND,1031.3,1198.9,898.3,957.2,1111,831.4
E08000036,Wakefield,1070.4,1206.7,950.4,YORKSHIRE AND THE HUMBER,ENGLAND,1031.3,1198.9,898.3,957.2,1111,831.4
E06000015,Derby,1066.3,1241.8,935.5,EAST MIDLANDS,ENGLAND,994.3,1155.1,865.7,957.2,1111,831.4
E06000016,Leicester,1091.2,1299.1,920.9,EAST MIDLANDS,ENGLAND,994.3,1155.1,865.7,957.2,1111,831.4
E06000018,Nottingham,1094.4,1301.7,927,EAST MIDLANDS,ENGLAND,994.3,1155.1,865.7,957.2,1111,831.4
E06000017,Rutland,835.5,988.1,722.4,EAST MIDLANDS,ENGLAND,994.3,1155.1,865.7,957.2,1111,831.4
E07000032,Amber Valley,977.5,1176.8,845.3,EAST MIDLANDS,ENGLAND,994.3,1155.1,865.7,957.2,1111,831.4
E07000033,Bolsover,1106.3,1289.7,960,EAST MIDLANDS,ENGLAND,994.3,1155.1,865.7,957.2,1111,831.4
E07000034,Chesterfield,1109.6,1245.2,1007.4,EAST MIDLANDS,ENGLAND,994.3,1155.1,865.7,957.2,1111,831.4
E07000035,Derbyshire Dales,850.1,1082.5,689.5,EAST MIDLANDS,ENGLAND,994.3,1155.1,865.7,957.2,1111,831.4
E07000036,Erewash,962.4,1190.3,787.3,EAST MIDLANDS,ENGLAND,994.3,1155.1,865.7,957.2,1111,831.4
E07000037,High Peak,981.7,1111.3,886.9,EAST MIDLANDS,ENGLAND,994.3,1155.1,865.7,957.2,1111,831.4
E07000038,North East Derbyshire,1033.1,1105.8,959.5,EAST MIDLANDS,ENGLAND,994.3,1155.1,865.7,957.2,1111,831.4
E07000039,South Derbyshire,965.4,1114.3,852.9,EAST MIDLANDS,ENGLAND,994.3,1155.1,865.7,957.2,1111,831.4
E07000129,Blaby,844.1,1035.2,711.9,EAST MIDLANDS,ENGLAND,994.3,1155.1,865.7,957.2,1111,831.4
E07000130,Charnwood,937.5,1087.5,814,EAST MIDLANDS,ENGLAND,994.3,1155.1,865.7,957.2,1111,831.4
E07000131,Harborough,857.8,1004.7,752.1,EAST MIDLANDS,ENGLAND,994.3,1155.1,865.7,957.2,1111,831.4
E07000132,Hinckley and Bosworth,936.4,1147.1,786.6,EAST MIDLANDS,ENGLAND,994.3,1155.1,865.7,957.2,1111,831.4
E07000133,Melton,918.9,1022.6,832.6,EAST MIDLANDS,ENGLAND,994.3,1155.1,865.7,957.2,1111,831.4
E07000134,North West Leicestershire,935.2,1162.4,787,EAST MIDLANDS,ENGLAND,994.3,1155.1,865.7,957.2,1111,831.4
E07000135,Oadby and Wigston,840.9,1032.1,693.3,EAST MIDLANDS,ENGLAND,994.3,1155.1,865.7,957.2,1111,831.4
E07000136,Boston,1090.4,1393.1,858.6,EAST MIDLANDS,ENGLAND,994.3,1155.1,865.7,957.2,1111,831.4
E07000137,East Lindsey,1075,1268.1,918.9,EAST MIDLANDS,ENGLAND,994.3,1155.1,865.7,957.2,1111,831.4
E07000138,Lincoln,1166.4,1303.7,1055.6,EAST MIDLANDS,ENGLAND,994.3,1155.1,865.7,957.2,1111,831.4
E07000139,North Kesteven,991.8,1124.3,879.4,EAST MIDLANDS,ENGLAND,994.3,1155.1,865.7,957.2,1111,831.4
E07000140,South Holland,961.8,1103.9,842.1,EAST MIDLANDS,ENGLAND,994.3,1155.1,865.7,957.2,1111,831.4
E07000141,South Kesteven,924.9,1051,820.5,EAST MIDLANDS,ENGLAND,994.3,1155.1,865.7,957.2,1111,831.4
E07000142,West Lindsey,1014.6,1156.6,882.8,EAST MIDLANDS,ENGLAND,994.3,1155.1,865.7,957.2,1111,831.4
E07000150,Corby,1164.8,1371,1005.2,EAST MIDLANDS,ENGLAND,994.3,1155.1,865.7,957.2,1111,831.4
E07000151,Daventry,919.7,1047.4,809,EAST MIDLANDS,ENGLAND,994.3,1155.1,865.7,957.2,1111,831.4
E07000152,East Northamptonshire,949.8,1020.4,866.6,EAST MIDLANDS,ENGLAND,994.3,1155.1,865.7,957.2,1111,831.4
E07000153,Kettering,987.3,1110.7,878.5,EAST MIDLANDS,ENGLAND,994.3,1155.1,865.7,957.2,1111,831.4
E07000154,Northampton,1016.1,1156,897.3,EAST MIDLANDS,ENGLAND,994.3,1155.1,865.7,957.2,1111,831.4
E07000155,South Northamptonshire,875,981.9,772.7,EAST MIDLANDS,ENGLAND,994.3,1155.1,865.7,957.2,1111,831.4
E07000156,Wellingborough,1033.3,1144.3,942,EAST MIDLANDS,ENGLAND,994.3,1155.1,865.7,957.2,1111,831.4
E07000170,Ashfield,1087.4,1279.2,939.4,EAST MIDLANDS,ENGLAND,994.3,1155.1,865.7,957.2,1111,831.4
E07000171,Bassetlaw,1008.7,1181.7,862.5,EAST MIDLANDS,ENGLAND,994.3,1155.1,865.7,957.2,1111,831.4
E07000172,Broxtowe,1012.9,1124.1,918.5,EAST MIDLANDS,ENGLAND,994.3,1155.1,865.7,957.2,1111,831.4
E07000173,Gedling,1036,1142.3,950.1,EAST MIDLANDS,ENGLAND,994.3,1155.1,865.7,957.2,1111,831.4
E07000174,Mansfield,1069.1,1239.5,930.4,EAST MIDLANDS,ENGLAND,994.3,1155.1,865.7,957.2,1111,831.4
E07000175,Newark and Sherwood,981.6,1108.4,877.7,EAST MIDLANDS,ENGLAND,994.3,1155.1,865.7,957.2,1111,831.4
E07000176,Rushcliffe,836.4,1003.7,714.3,EAST MIDLANDS,ENGLAND,994.3,1155.1,865.7,957.2,1111,831.4
E06000019,"Herefordshire, County of",927.2,1058.3,810.5,WEST MIDLANDS,ENGLAND,1004.3,1167.9,870.9,957.2,1111,831.4
E06000051,Shropshire,917.7,1024,822.2,WEST MIDLANDS,ENGLAND,1004.3,1167.9,870.9,957.2,1111,831.4
E06000021,Stoke-on-Trent,1311.5,1462.7,1174.3,WEST MIDLANDS,ENGLAND,1004.3,1167.9,870.9,957.2,1111,831.4
E06000020,Telford and Wrekin,1077.3,1218.1,945,WEST MIDLANDS,ENGLAND,1004.3,1167.9,870.9,957.2,1111,831.4
E07000192,Cannock Chase,1042.1,1202.4,902.3,WEST MIDLANDS,ENGLAND,1004.3,1167.9,870.9,957.2,1111,831.4
E07000193,East Staffordshire,963.9,1133.3,828.4,WEST MIDLANDS,ENGLAND,1004.3,1167.9,870.9,957.2,1111,831.4
E07000194,Lichfield,939.8,1097,804,WEST MIDLANDS,ENGLAND,1004.3,1167.9,870.9,957.2,1111,831.4
E07000195,Newcastle-under-Lyme,1014.8,1182.5,888.1,WEST MIDLANDS,ENGLAND,1004.3,1167.9,870.9,957.2,1111,831.4
E07000196,South Staffordshire,921.9,1173.5,752.3,WEST MIDLANDS,ENGLAND,1004.3,1167.9,870.9,957.2,1111,831.4
E07000197,Stafford,912.7,1090.9,770.1,WEST MIDLANDS,ENGLAND,1004.3,1167.9,870.9,957.2,1111,831.4
E07000198,Staffordshire Moorlands,980.4,1122.8,874.8,WEST MIDLANDS,ENGLAND,1004.3,1167.9,870.9,957.2,1111,831.4
E07000199,Tamworth,985.9,1200,839.7,WEST MIDLANDS,ENGLAND,1004.3,1167.9,870.9,957.2,1111,831.4
E07000218,North Warwickshire,1077.6,1241.6,967.6,WEST MIDLANDS,ENGLAND,1004.3,1167.9,870.9,957.2,1111,831.4
E07000219,Nuneaton and Bedworth,1134,1356.3,959.5,WEST MIDLANDS,ENGLAND,1004.3,1167.9,870.9,957.2,1111,831.4
E07000220,Rugby,904,1040.2,790.9,WEST MIDLANDS,ENGLAND,1004.3,1167.9,870.9,957.2,1111,831.4
E07000221,Stratford-on-Avon,856.7,1004.3,745.9,WEST MIDLANDS,ENGLAND,1004.3,1167.9,870.9,957.2,1111,831.4
E07000222,Warwick,869.3,1010.5,766.5,WEST MIDLANDS,ENGLAND,1004.3,1167.9,870.9,957.2,1111,831.4
E11000005,West Midlands (Met County),1046.3,1227.2,900,WEST MIDLANDS,ENGLAND,1004.3,1167.9,870.9,957.2,1111,831.4
E08000025,Birmingham,1034.8,1218.7,884.7,WEST MIDLANDS,ENGLAND,1004.3,1167.9,870.9,957.2,1111,831.4
E08000026,Coventry,1037.1,1195,914.1,WEST MIDLANDS,ENGLAND,1004.3,1167.9,870.9,957.2,1111,831.4
E08000027,Dudley,1039,1207.1,902.5,WEST MIDLANDS,ENGLAND,1004.3,1167.9,870.9,957.2,1111,831.4
E08000028,Sandwell,1157.6,1360.3,993.7,WEST MIDLANDS,ENGLAND,1004.3,1167.9,870.9,957.2,1111,831.4
E08000029,Solihull,855.4,998.4,752.9,WEST MIDLANDS,ENGLAND,1004.3,1167.9,870.9,957.2,1111,831.4
E08000030,Walsall,1045.2,1262.7,875.3,WEST MIDLANDS,ENGLAND,1004.3,1167.9,870.9,957.2,1111,831.4
E08000031,Wolverhampton,1178.7,1366.8,1012.3,WEST MIDLANDS,ENGLAND,1004.3,1167.9,870.9,957.2,1111,831.4
E07000234,Bromsgrove,886.9,1025,780.4,WEST MIDLANDS,ENGLAND,1004.3,1167.9,870.9,957.2,1111,831.4
E07000235,Malvern Hills,871.5,977.4,778.4,WEST MIDLANDS,ENGLAND,1004.3,1167.9,870.9,957.2,1111,831.4
E07000236,Redditch,965.6,1151.6,818.7,WEST MIDLANDS,ENGLAND,1004.3,1167.9,870.9,957.2,1111,831.4
E07000237,Worcester,1010.7,1096,925,WEST MIDLANDS,ENGLAND,1004.3,1167.9,870.9,957.2,1111,831.4
E07000238,Wychavon,837.3,978.2,725.1,WEST MIDLANDS,ENGLAND,1004.3,1167.9,870.9,957.2,1111,831.4
E07000239,Wyre Forest,1006.4,1213.5,822.8,WEST MIDLANDS,ENGLAND,1004.3,1167.9,870.9,957.2,1111,831.4
E06000055,Bedford,922.2,1115.5,767.8,EAST,ENGLAND,921.3,1072.7,799,957.2,1111,831.4
E06000056,Central Bedfordshire,902.6,1021.2,795.8,EAST,ENGLAND,921.3,1072.7,799,957.2,1111,831.4
E06000032,Luton,1014.2,1203.7,849.3,EAST,ENGLAND,921.3,1072.7,799,957.2,1111,831.4
E06000031,Peterborough,1030.2,1147.4,922.7,EAST,ENGLAND,921.3,1072.7,799,957.2,1111,831.4
E06000033,Southend-on-Sea,1055.5,1206.3,938.7,EAST,ENGLAND,921.3,1072.7,799,957.2,1111,831.4
E06000034,Thurrock,1042.6,1259.2,877.3,EAST,ENGLAND,921.3,1072.7,799,957.2,1111,831.4
E07000008,Cambridge,875.5,988.6,779.1,EAST,ENGLAND,921.3,1072.7,799,957.2,1111,831.4
E07000009,East Cambridgeshire,850.1,1031.5,715.5,EAST,ENGLAND,921.3,1072.7,799,957.2,1111,831.4
E07000010,Fenland,1008.6,1192.4,872,EAST,ENGLAND,921.3,1072.7,799,957.2,1111,831.4
E07000011,Huntingdonshire,889.6,1022.3,772.9,EAST,ENGLAND,921.3,1072.7,799,957.2,1111,831.4
E07000012,South Cambridgeshire,725.5,827.3,646.5,EAST,ENGLAND,921.3,1072.7,799,957.2,1111,831.4
E07000066,Basildon,993.5,1161.2,862.5,EAST,ENGLAND,921.3,1072.7,799,957.2,1111,831.4
E07000067,Braintree,976.7,1129.8,865.9,EAST,ENGLAND,921.3,1072.7,799,957.2,1111,831.4
E07000068,Brentwood,850.1,1023.6,719.6,EAST,ENGLAND,921.3,1072.7,799,957.2,1111,831.4
E07000069,Castle Point,994.3,1128.8,873.5,EAST,ENGLAND,921.3,1072.7,799,957.2,1111,831.4
E07000070,Chelmsford,844.6,974.9,736.3,EAST,ENGLAND,921.3,1072.7,799,957.2,1111,831.4
E07000071,Colchester,956.4,1048.8,874.3,EAST,ENGLAND,921.3,1072.7,799,957.2,1111,831.4
E07000072,Epping Forest,899.6,1011.7,814.5,EAST,ENGLAND,921.3,1072.7,799,957.2,1111,831.4
E07000073,Harlow,1036,1201.7,898.8,EAST,ENGLAND,921.3,1072.7,799,957.2,1111,831.4
E07000074,Maldon,927,999.5,881.4,EAST,ENGLAND,921.3,1072.7,799,957.2,1111,831.4
E07000075,Rochford,882.1,989.3,793.7,EAST,ENGLAND,921.3,1072.7,799,957.2,1111,831.4
E07000076,Tendring,1042.7,1211,905.7,EAST,ENGLAND,921.3,1072.7,799,957.2,1111,831.4
E07000077,Uttlesford,795.1,919.4,690.7,EAST,ENGLAND,921.3,1072.7,799,957.2,1111,831.4
E07000095,Broxbourne,950.3,1157.6,789.5,EAST,ENGLAND,921.3,1072.7,799,957.2,1111,831.4
E07000096,Dacorum,881,1036.8,761.9,EAST,ENGLAND,921.3,1072.7,799,957.2,1111,831.4
E07000242,East Hertfordshire,854.3,979.3,750.4,EAST,ENGLAND,921.3,1072.7,799,957.2,1111,831.4
E07000098,Hertsmere,915.8,1086.4,788,EAST,ENGLAND,921.3,1072.7,799,957.2,1111,831.4
E07000099,North Hertfordshire,929.4,1076.5,819.9,EAST,ENGLAND,921.3,1072.7,799,957.2,1111,831.4
E07000240,St Albans,764.4,860.2,681.4,EAST,ENGLAND,921.3,1072.7,799,957.2,1111,831.4
E07000243,Stevenage,993.8,1225.9,826.5,EAST,ENGLAND,921.3,1072.7,799,957.2,1111,831.4
E07000102,Three Rivers,893.4,993.4,809.3,EAST,ENGLAND,921.3,1072.7,799,957.2,1111,831.4
E07000103,Watford,975.7,1093.6,867.7,EAST,ENGLAND,921.3,1072.7,799,957.2,1111,831.4
E07000241,Welwyn Hatfield,914,1078.6,801.5,EAST,ENGLAND,921.3,1072.7,799,957.2,1111,831.4
E07000143,Breckland,977,1251.9,762.2,EAST,ENGLAND,921.3,1072.7,799,957.2,1111,831.4
E07000144,Broadland,873.9,1060.6,737,EAST,ENGLAND,921.3,1072.7,799,957.2,1111,831.4
E07000244,East Suffolk,914,1056.8,795.6,EAST,ENGLAND,921.3,1072.7,799,957.2,1111,831.4
E07000145,Great Yarmouth,1044.4,1263.3,872.4,EAST,ENGLAND,921.3,1072.7,799,957.2,1111,831.4
E07000146,King's Lynn and West Norfolk,979.7,1121.2,863.4,EAST,ENGLAND,921.3,1072.7,799,957.2,1111,831.4
E07000147,North Norfolk,818.6,993,686.6,EAST,ENGLAND,921.3,1072.7,799,957.2,1111,831.4
E07000148,Norwich,988.1,1199,807.8,EAST,ENGLAND,921.3,1072.7,799,957.2,1111,831.4
E07000149,South Norfolk,818.8,954.2,704.8,EAST,ENGLAND,921.3,1072.7,799,957.2,1111,831.4
E07000200,Babergh,788.1,917.9,689.9,EAST,ENGLAND,921.3,1072.7,799,957.2,1111,831.4
E07000202,Ipswich,1004.4,1125.9,901.5,EAST,ENGLAND,921.3,1072.7,799,957.2,1111,831.4
E07000203,Mid Suffolk,877.3,1087.5,708.2,EAST,ENGLAND,921.3,1072.7,799,957.2,1111,831.4
E07000245,West Suffolk,864,1013.8,737.8,EAST,ENGLAND,921.3,1072.7,799,957.2,1111,831.4
E09000007,Camden,674,811.9,556.9,LONDON,ENGLAND,855.4,1002.7,733.2,957.2,1111,831.4
E09000001,City of London,444.9,493.5,346.5,LONDON,ENGLAND,855.4,1002.7,733.2,957.2,1111,831.4
E09000012,Hackney,859.4,975.4,753.3,LONDON,ENGLAND,855.4,1002.7,733.2,957.2,1111,831.4
E09000013,Hammersmith and Fulham,908.6,1096.3,758.3,LONDON,ENGLAND,855.4,1002.7,733.2,957.2,1111,831.4
E09000014,Haringey,835,1026.4,688.4,LONDON,ENGLAND,855.4,1002.7,733.2,957.2,1111,831.4
E09000019,Islington,977.1,1147.1,832.5,LONDON,ENGLAND,855.4,1002.7,733.2,957.2,1111,831.4
E09000020,Kensington and Chelsea,618.5,734.1,516.2,LONDON,ENGLAND,855.4,1002.7,733.2,957.2,1111,831.4
E09000022,Lambeth,929.1,1124.1,769.8,LONDON,ENGLAND,855.4,1002.7,733.2,957.2,1111,831.4
E09000023,Lewisham,963.2,1150.7,819.4,LONDON,ENGLAND,855.4,1002.7,733.2,957.2,1111,831.4
E09000025,Newham,919.4,990.7,847.3,LONDON,ENGLAND,855.4,1002.7,733.2,957.2,1111,831.4
E09000028,Southwark,888.1,1075.3,737.7,LONDON,ENGLAND,855.4,1002.7,733.2,957.2,1111,831.4
E09000030,Tower Hamlets,986.6,1148.8,839.7,LONDON,ENGLAND,855.4,1002.7,733.2,957.2,1111,831.4
E09000032,Wandsworth,867.3,1008.8,750.9,LONDON,ENGLAND,855.4,1002.7,733.2,957.2,1111,831.4
E09000033,Westminster,630.7,680.6,579.7,LONDON,ENGLAND,855.4,1002.7,733.2,957.2,1111,831.4
E09000002,Barking and Dagenham,1083,1298.8,914.9,LONDON,ENGLAND,855.4,1002.7,733.2,957.2,1111,831.4
E09000003,Barnet,762.5,883.9,662.8,LONDON,ENGLAND,855.4,1002.7,733.2,957.2,1111,831.4
E09000004,Bexley,934.6,1140.6,789.5,LONDON,ENGLAND,855.4,1002.7,733.2,957.2,1111,831.4
E09000005,Brent,786.3,925.1,670.4,LONDON,ENGLAND,855.4,1002.7,733.2,957.2,1111,831.4
E09000006,Bromley,859.8,1010.1,745.6,LONDON,ENGLAND,855.4,1002.7,733.2,957.2,1111,831.4
E09000008,Croydon,906.6,1049.2,781.4,LONDON,ENGLAND,855.4,1002.7,733.2,957.2,1111,831.4
E09000009,Ealing,852.6,1000.4,719.9,LONDON,ENGLAND,855.4,1002.7,733.2,957.2,1111,831.4
E09000010,Enfield,844,998.3,716.8,LONDON,ENGLAND,855.4,1002.7,733.2,957.2,1111,831.4
E09000011,Greenwich,929.7,1059.4,817.3,LONDON,ENGLAND,855.4,1002.7,733.2,957.2,1111,831.4
E09000015,Harrow,700.6,779.8,632.5,LONDON,ENGLAND,855.4,1002.7,733.2,957.2,1111,831.4
E09000016,Havering,898,1121.3,761.9,LONDON,ENGLAND,855.4,1002.7,733.2,957.2,1111,831.4
E09000017,Hillingdon,965.2,1120.9,819.8,LONDON,ENGLAND,855.4,1002.7,733.2,957.2,1111,831.4
E09000018,Hounslow,932.2,1091.6,794.6,LONDON,ENGLAND,855.4,1002.7,733.2,957.2,1111,831.4
E09000021,Kingston upon Thames,826.6,974.3,706.8,LONDON,ENGLAND,855.4,1002.7,733.2,957.2,1111,831.4
E09000024,Merton,887.9,1065.8,759.7,LONDON,ENGLAND,855.4,1002.7,733.2,957.2,1111,831.4
E09000026,Redbridge,818.4,934.1,717.2,LONDON,ENGLAND,855.4,1002.7,733.2,957.2,1111,831.4
E09000027,Richmond upon Thames,720.3,898.7,583.4,LONDON,ENGLAND,855.4,1002.7,733.2,957.2,1111,831.4
E09000029,Sutton,925.3,1057.9,822.5,LONDON,ENGLAND,855.4,1002.7,733.2,957.2,1111,831.4
E09000031,Waltham Forest,843.9,1007.6,725.8,LONDON,ENGLAND,855.4,1002.7,733.2,957.2,1111,831.4
E06000036,Bracknell Forest,787.8,960.9,657.4,SOUTH EAST,ENGLAND,880.9,1019.9,765.4,957.2,1111,831.4
E06000043,Brighton and Hove,1009,1182.3,852.4,SOUTH EAST,ENGLAND,880.9,1019.9,765.4,957.2,1111,831.4
E06000046,Isle of Wight,930.3,1060,810.5,SOUTH EAST,ENGLAND,880.9,1019.9,765.4,957.2,1111,831.4
E06000035,Medway,1063.6,1238.9,919.4,SOUTH EAST,ENGLAND,880.9,1019.9,765.4,957.2,1111,831.4
E06000042,Milton Keynes,979.8,1138.2,856.4,SOUTH EAST,ENGLAND,880.9,1019.9,765.4,957.2,1111,831.4
E06000044,Portsmouth,1075.1,1203.5,961.4,SOUTH EAST,ENGLAND,880.9,1019.9,765.4,957.2,1111,831.4
E06000038,Reading,922.2,1031.6,818.8,SOUTH EAST,ENGLAND,880.9,1019.9,765.4,957.2,1111,831.4
E06000039,Slough,1004.8,1153.6,881.5,SOUTH EAST,ENGLAND,880.9,1019.9,765.4,957.2,1111,831.4
E06000045,Southampton,1052.6,1267.9,887,SOUTH EAST,ENGLAND,880.9,1019.9,765.4,957.2,1111,831.4
E06000037,West Berkshire,781.4,908.1,683.2,SOUTH EAST,ENGLAND,880.9,1019.9,765.4,957.2,1111,831.4
E06000040,Windsor and Maidenhead,813,910.5,730.7,SOUTH EAST,ENGLAND,880.9,1019.9,765.4,957.2,1111,831.4
E06000041,Wokingham,741.9,855.2,649.4,SOUTH EAST,ENGLAND,880.9,1019.9,765.4,957.2,1111,831.4
E07000004,Aylesbury Vale,860.7,1038.3,720.1,SOUTH EAST,ENGLAND,880.9,1019.9,765.4,957.2,1111,831.4
E07000005,Chiltern,737.7,842.6,652.9,SOUTH EAST,ENGLAND,880.9,1019.9,765.4,957.2,1111,831.4
E07000006,South Bucks,798.3,947.7,694.1,SOUTH EAST,ENGLAND,880.9,1019.9,765.4,957.2,1111,831.4
E07000007,Wycombe,801.2,932.9,700.7,SOUTH EAST,ENGLAND,880.9,1019.9,765.4,957.2,1111,831.4
E07000061,Eastbourne,947.9,1093.6,818.4,SOUTH EAST,ENGLAND,880.9,1019.9,765.4,957.2,1111,831.4
E07000062,Hastings,1059.9,1211,921.4,SOUTH EAST,ENGLAND,880.9,1019.9,765.4,957.2,1111,831.4
E07000063,Lewes,812,965.2,684.7,SOUTH EAST,ENGLAND,880.9,1019.9,765.4,957.2,1111,831.4
E07000064,Rother,835.6,993,720.2,SOUTH EAST,ENGLAND,880.9,1019.9,765.4,957.2,1111,831.4
E07000065,Wealden,851.8,999.6,727.5,SOUTH EAST,ENGLAND,880.9,1019.9,765.4,957.2,1111,831.4
E07000084,Basingstoke and Deane,946.5,1058.9,837.2,SOUTH EAST,ENGLAND,880.9,1019.9,765.4,957.2,1111,831.4
E07000085,East Hampshire,863.3,973.3,766.5,SOUTH EAST,ENGLAND,880.9,1019.9,765.4,957.2,1111,831.4
E07000086,Eastleigh,803.8,956.7,688.5,SOUTH EAST,ENGLAND,880.9,1019.9,765.4,957.2,1111,831.4
E07000087,Fareham,855.9,1003.5,743.2,SOUTH EAST,ENGLAND,880.9,1019.9,765.4,957.2,1111,831.4
E07000088,Gosport,1032.2,1211.9,877.1,SOUTH EAST,ENGLAND,880.9,1019.9,765.4,957.2,1111,831.4
E07000089,Hart,775.6,921.5,669.9,SOUTH EAST,ENGLAND,880.9,1019.9,765.4,957.2,1111,831.4
E07000090,Havant,867.6,988.5,768.1,SOUTH EAST,ENGLAND,880.9,1019.9,765.4,957.2,1111,831.4
E07000091,New Forest,762.6,903,648.6,SOUTH EAST,ENGLAND,880.9,1019.9,765.4,957.2,1111,831.4
E07000092,Rushmoor,975.6,1094.2,863.9,SOUTH EAST,ENGLAND,880.9,1019.9,765.4,957.2,1111,831.4
E07000093,Test Valley,818.5,941.6,713.8,SOUTH EAST,ENGLAND,880.9,1019.9,765.4,957.2,1111,831.4
E07000094,Winchester,785.6,937.2,673.8,SOUTH EAST,ENGLAND,880.9,1019.9,765.4,957.2,1111,831.4
E07000105,Ashford,928.3,1137.5,757.6,SOUTH EAST,ENGLAND,880.9,1019.9,765.4,957.2,1111,831.4
E07000106,Canterbury,953.9,1152.4,792.9,SOUTH EAST,ENGLAND,880.9,1019.9,765.4,957.2,1111,831.4
E07000107,Dartford,1068,1161.4,985.7,SOUTH EAST,ENGLAND,880.9,1019.9,765.4,957.2,1111,831.4
E07000108,Dover,971.8,1092.8,863.5,SOUTH EAST,ENGLAND,880.9,1019.9,765.4,957.2,1111,831.4
E07000109,Gravesham,967.8,1180,807,SOUTH EAST,ENGLAND,880.9,1019.9,765.4,957.2,1111,831.4
E07000110,Maidstone,970.6,1095.8,872,SOUTH EAST,ENGLAND,880.9,1019.9,765.4,957.2,1111,831.4
E07000111,Sevenoaks,848.3,903.6,805.6,SOUTH EAST,ENGLAND,880.9,1019.9,765.4,957.2,1111,831.4
E07000112,Shepway,943.2,1071.2,822,SOUTH EAST,ENGLAND,880.9,1019.9,765.4,957.2,1111,831.4
E07000113,Swale,972.3,1161.3,819.4,SOUTH EAST,ENGLAND,880.9,1019.9,765.4,957.2,1111,831.4
E07000114,Thanet,1087.5,1338.2,895.1,SOUTH EAST,ENGLAND,880.9,1019.9,765.4,957.2,1111,831.4
E07000115,Tonbridge and Malling,937.4,1083.3,828.8,SOUTH EAST,ENGLAND,880.9,1019.9,765.4,957.2,1111,831.4
E07000116,Tunbridge Wells,862.2,1007.3,733.9,SOUTH EAST,ENGLAND,880.9,1019.9,765.4,957.2,1111,831.4
E07000177,Cherwell,903.9,976.1,832.2,SOUTH EAST,ENGLAND,880.9,1019.9,765.4,957.2,1111,831.4
E07000178,Oxford,857.9,1023.4,713.5,SOUTH EAST,ENGLAND,880.9,1019.9,765.4,957.2,1111,831.4
E07000179,South Oxfordshire,809.7,933.4,709.2,SOUTH EAST,ENGLAND,880.9,1019.9,765.4,957.2,1111,831.4
E07000180,Vale of White Horse,777.1,872.9,688.7,SOUTH EAST,ENGLAND,880.9,1019.9,765.4,957.2,1111,831.4
E07000181,West Oxfordshire,821.2,956.6,706.8,SOUTH EAST,ENGLAND,880.9,1019.9,765.4,957.2,1111,831.4
E07000207,Elmbridge,780.2,883.4,696.2,SOUTH EAST,ENGLAND,880.9,1019.9,765.4,957.2,1111,831.4
E07000208,Epsom and Ewell,743.1,893.4,621.2,SOUTH EAST,ENGLAND,880.9,1019.9,765.4,957.2,1111,831.4
E07000209,Guildford,768.5,892.3,673.1,SOUTH EAST,ENGLAND,880.9,1019.9,765.4,957.2,1111,831.4
E07000210,Mole Valley,715.2,842.5,609.4,SOUTH EAST,ENGLAND,880.9,1019.9,765.4,957.2,1111,831.4
E07000211,Reigate and Banstead,840.9,963.9,741.7,SOUTH EAST,ENGLAND,880.9,1019.9,765.4,957.2,1111,831.4
E07000212,Runnymede,869.1,1022.7,749.3,SOUTH EAST,ENGLAND,880.9,1019.9,765.4,957.2,1111,831.4
E07000213,Spelthorne,883.3,998.8,791.6,SOUTH EAST,ENGLAND,880.9,1019.9,765.4,957.2,1111,831.4
E07000214,Surrey Heath,814.3,933.6,716.7,SOUTH EAST,ENGLAND,880.9,1019.9,765.4,957.2,1111,831.4
E07000215,Tandridge,804.1,916.4,700.8,SOUTH EAST,ENGLAND,880.9,1019.9,765.4,957.2,1111,831.4
E07000216,Waverley,770,861.1,691.1,SOUTH EAST,ENGLAND,880.9,1019.9,765.4,957.2,1111,831.4
E07000217,Woking,752.4,869.4,654.8,SOUTH EAST,ENGLAND,880.9,1019.9,765.4,957.2,1111,831.4
E07000223,Adur,891.4,1047.9,775.5,SOUTH EAST,ENGLAND,880.9,1019.9,765.4,957.2,1111,831.4
E07000224,Arun,939.2,1096.5,810.2,SOUTH EAST,ENGLAND,880.9,1019.9,765.4,957.2,1111,831.4
E07000225,Chichester,837.6,982.7,719.9,SOUTH EAST,ENGLAND,880.9,1019.9,765.4,957.2,1111,831.4
E07000226,Crawley,888.6,1043.9,768.5,SOUTH EAST,ENGLAND,880.9,1019.9,765.4,957.2,1111,831.4
E07000227,Horsham,772,871.1,691.9,SOUTH EAST,ENGLAND,880.9,1019.9,765.4,957.2,1111,831.4
E07000228,Mid Sussex,837.3,954,738.7,SOUTH EAST,ENGLAND,880.9,1019.9,765.4,957.2,1111,831.4
E07000229,Worthing,984.5,1157.6,843,SOUTH EAST,ENGLAND,880.9,1019.9,765.4,957.2,1111,831.4
E06000022,Bath and North East Somerset,834.7,989.9,713,SOUTH WEST,ENGLAND,910.1,1069.4,782,957.2,1111,831.4
E06000058,"Bournemouth, Christchurch and Poole",906.1,1055.8,786.6,SOUTH WEST,ENGLAND,910.1,1069.4,782,957.2,1111,831.4
E06000023,"Bristol, City of",1051.3,1294.7,869.3,SOUTH WEST,ENGLAND,910.1,1069.4,782,957.2,1111,831.4
E06000059,Dorset,853.4,980.4,743.2,SOUTH WEST,ENGLAND,910.1,1069.4,782,957.2,1111,831.4
E06000053,Cornwall and Isles of Scilly,964.9,1151,820.3,SOUTH WEST,ENGLAND,910.1,1069.4,782,957.2,1111,831.4
E06000024,North Somerset,909.4,1084.7,769.3,SOUTH WEST,ENGLAND,910.1,1069.4,782,957.2,1111,831.4
E06000026,Plymouth,1047.8,1182.4,920.1,SOUTH WEST,ENGLAND,910.1,1069.4,782,957.2,1111,831.4
E06000025,South Gloucestershire,857,974.1,758,SOUTH WEST,ENGLAND,910.1,1069.4,782,957.2,1111,831.4
E06000030,Swindon,939.7,1058.7,840.4,SOUTH WEST,ENGLAND,910.1,1069.4,782,957.2,1111,831.4
E06000027,Torbay,1000.6,1137.7,875.7,SOUTH WEST,ENGLAND,910.1,1069.4,782,957.2,1111,831.4
E06000054,Wiltshire,866.6,1031,741.7,SOUTH WEST,ENGLAND,910.1,1069.4,782,957.2,1111,831.4
E07000040,East Devon,804.2,946.4,686.8,SOUTH WEST,ENGLAND,910.1,1069.4,782,957.2,1111,831.4
E07000041,Exeter,936.5,1198.9,755.6,SOUTH WEST,ENGLAND,910.1,1069.4,782,957.2,1111,831.4
E07000042,Mid Devon,871.2,1045.4,729.6,SOUTH WEST,ENGLAND,910.1,1069.4,782,957.2,1111,831.4
E07000043,North Devon,962.4,1128.5,834.5,SOUTH WEST,ENGLAND,910.1,1069.4,782,957.2,1111,831.4
E07000044,South Hams,822.9,960.6,704.2,SOUTH WEST,ENGLAND,910.1,1069.4,782,957.2,1111,831.4
E07000045,Teignbridge,876.8,1048.2,745,SOUTH WEST,ENGLAND,910.1,1069.4,782,957.2,1111,831.4
E07000046,Torridge,976.6,1092.7,880.7,SOUTH WEST,ENGLAND,910.1,1069.4,782,957.2,1111,831.4
E07000047,West Devon,914.8,938.4,880,SOUTH WEST,ENGLAND,910.1,1069.4,782,957.2,1111,831.4
E07000078,Cheltenham,938,1072.6,830.9,SOUTH WEST,ENGLAND,910.1,1069.4,782,957.2,1111,831.4
E07000079,Cotswold,781.9,887.1,692.7,SOUTH WEST,ENGLAND,910.1,1069.4,782,957.2,1111,831.4
E07000080,Forest of Dean,934.7,1091.3,816.2,SOUTH WEST,ENGLAND,910.1,1069.4,782,957.2,1111,831.4
E07000081,Gloucester,1001,1205.3,854.8,SOUTH WEST,ENGLAND,910.1,1069.4,782,957.2,1111,831.4
E07000082,Stroud,985.7,1187.3,838.3,SOUTH WEST,ENGLAND,910.1,1069.4,782,957.2,1111,831.4
E07000083,Tewkesbury,834.5,1038.8,690.6,SOUTH WEST,ENGLAND,910.1,1069.4,782,957.2,1111,831.4
E07000187,Mendip,846.7,1053.7,683,SOUTH WEST,ENGLAND,910.1,1069.4,782,957.2,1111,831.4
E07000188,Sedgemoor,877.3,1044.9,747.7,SOUTH WEST,ENGLAND,910.1,1069.4,782,957.2,1111,831.4
E07000189,South Somerset,894.8,1084.5,742.2,SOUTH WEST,ENGLAND,910.1,1069.4,782,957.2,1111,831.4
E07000246,Somerset West and Taunton,900,1030.5,792.5,SOUTH WEST,ENGLAND,910.1,1069.4,782,957.2,1111,831.4
W06000001,Isle of Anglesey,983.1,1198.4,799.8,WALES,WALES,na,na,na,1058.7,1231,915.9
W06000002,Gwynedd,980,1158,844.3,WALES,WALES,na,na,na,1058.7,1231,915.9
W06000003,Conwy,982.8,1193.6,817.5,WALES,WALES,na,na,na,1058.7,1231,915.9
W06000004,Denbighshire,1158.3,1251.8,1072.5,WALES,WALES,na,na,na,1058.7,1231,915.9
W06000005,Flintshire,986.8,1164.1,847.6,WALES,WALES,na,na,na,1058.7,1231,915.9
W06000006,Wrexham,1091.5,1199.8,977.5,WALES,WALES,na,na,na,1058.7,1231,915.9
W06000023,Powys,949.2,1072.1,844.3,WALES,WALES,na,na,na,1058.7,1231,915.9
W06000008,Ceredigion,948.4,1129,782.5,WALES,WALES,na,na,na,1058.7,1231,915.9
W06000009,Pembrokeshire,941,1038.5,846.2,WALES,WALES,na,na,na,1058.7,1231,915.9
W06000010,Carmarthenshire,1095.8,1267.9,953.5,WALES,WALES,na,na,na,1058.7,1231,915.9
W06000011,Swansea,1065,1279.7,897.2,WALES,WALES,na,na,na,1058.7,1231,915.9
W06000012,Neath Port Talbot,1192.7,1460.3,990.9,WALES,WALES,na,na,na,1058.7,1231,915.9
W06000013,Bridgend,1170,1274.5,1069.2,WALES,WALES,na,na,na,1058.7,1231,915.9
W06000014,Vale of Glamorgan,959,1151.2,821.2,WALES,WALES,na,na,na,1058.7,1231,915.9
W06000015,Cardiff,1073.7,1327.8,880.9,WALES,WALES,na,na,na,1058.7,1231,915.9
W06000016,Rhondda Cynon Taf,1157.8,1316.3,1030.8,WALES,WALES,na,na,na,1058.7,1231,915.9
W06000024,Merthyr Tydfil,1259.3,1402.4,1140,WALES,WALES,na,na,na,1058.7,1231,915.9
W06000018,Caerphilly,1131.7,1328.4,972.4,WALES,WALES,na,na,na,1058.7,1231,915.9
W06000019,Blaenau Gwent,1261.7,1470.8,1086.1,WALES,WALES,na,na,na,1058.7,1231,915.9
W06000020,Torfaen,1062.3,1144.7,970.8,WALES,WALES,na,na,na,1058.7,1231,915.9
W06000021,Monmouthshire,852.5,965,759.3,WALES,WALES,na,na,na,1058.7,1231,915.9
W06000022,Newport,1127,1331.6,951.6,WALES,WALES,na,na,na,1058.7,1231,915.9
